County;Site;parnr;Lupin;N;E;lat;lng;Veghgt.avg;Litt.avg;Achillea millefolium;Achillea ptarmica;Aegopodium podagraria;Aethusa cynapium;Alchemilla vulgaris;Anemone nemorosa;Angelica sylvestris;Anthriscus sylvestris;Anthyllis vulneraria;Argentina anserina;Athyrium filix-femina;Bunias orientalis;Calluna vulgaris;Campanula patula;Campanula persicifolia;Campanula rotundifolia;Carex flacca;Carex flava;Carex leporina;Carex pallescens;Centaurea jacea;Cerastium fontanum;Chamaenerion angustifolium;Cirsium arvense;Cirsium heterophyllum;Cirsium palustre;Convallaria majalis;Cota tinctoria;Daucus carota subsp. carota;Dianthus deltoides;Equisetum;Equisetum arvense;Equisetum sylvaticum;Erigeron acris;Euphrasia nemorosa;Filipendula ulmaria;Fragaria vesca;Galium boreale;Galium uliginosum;Galium verum;Gallium mollugo;Geranium sylvaticum;Geum rivale;Geum urbanum;Glebionis segetum;Hieracium sect. Bifida;Hieracium sect. Hieracium agg.;Hieracium sect. Tridentata;Hieracium sect. Vulgata;Hieracium umbellatum;Hypericum maculatum;Hypericum perforatum;Juncus conglomeratus;Juncus effusus;Knautia arvensis;Lapsana communis;Lathyrus linifolius;Lathyrus pratensis;Leucanthemum vulgare;Linaria vulgaris;Lotus corniculatus;Lupinus polyphyllus;Luzula multiflora;Luzula pallescens;Luzula pilosa;Lychnis flos-cuculi;Maianthemum bifolium;Melampyrum sylvaticum;Moehringia trinervia;Myosotis arvensis;Myosotis scorpioides;Noccaea caerulescens;Paris quadrifolia;Pilosella cymosa;Pilosella officinarum;Pimpinella saxifraga;Plantago lanceolata;Plantago major;Potentilla argentea;Potentilla erecta;Potentilla reptans;Primula veris;Prunella vulgaris;Ranunculus acris subsp. acris;Ranunculus repens;Rhinanthus minor;Rubus arcticus;Rubus fruticosus;Rubus idaeus;Rubus saxatilis;Rumex acetosa;Rumex acetosella;Rumex longifolius;Sagina procumbens;Sagina revelierei;Scleranthus perennis;Scorzoneroides autumnalis;Silene vulgaris;Solidago canadensis;Solidago virgaurea;Sonchus oleraceus;Stachys palustris;Stellaria graminea;Stellaria longifolia;Succisa pratensis;Taraxacum;Tragopogon pratensis;Trifolium aureoum;Trifolium hybridum;Trifolium medium;Trifolium pratense;Trifolium repens;Trifolium spadiceum;Tripleurospermum inodorum;Tussilago farfara;Urtica dioica;Vaccinium myrtillus;Vaccinium uliginosum;Vaccinium vitis-idaea;Verbascum nigrum;Veronica arvensis;Veronica beccabunga;Veronica chamaedrys;Veronica officinalis;Vicia cracca;Vicia sepium;Vicia tetrasperma;Viola canina;Viola riviniana
Uppsala;Brobacke;1;No;6654622,686;573697,751;60,02222223;16,32222222;4,375;0;3;14;0;0;0;0;0;0;0;0;0;0;0;0;0;0;0;0;0;0;0;0;0;1;0;0;0;0;0;0;0;2;0;0;14;1;0;0;0;0;9;0;0;0;0;0;0;2;0;0;0;0;0;0;0;0;0;1;0;3;0;0;0;0;0;0;0;0;0;0;0;1;0;6;0;0;0;3;0;0;0;7;0;1;1;0;0;0;0;0;6;5;0;0;2;0;6;0;0;0;0;0;0;0;0;2;0;0;9;0;0;0;0;4;1;0;0;0;0;0;0;0;0;0;4;0;0;0;0
Uppsala;Brobacke;1;Yes;6654622,686;573697,751;60,02222223;16,32222222;45;0,2;1;8;0;0;0;0;0;5;0;0;0;0;0;2;0;0;0;0;0;0;0;4;0;0;0;0;0;0;0;0;0;15;0;0;0;0;0;0;0;0;0;0;0;0;0;0;0;0;0;0;1;0;0;0;0;0;0;2;0;0;0;16;0;0;0;0;0;0;0;1;0;0;0;1;0;0;0;0;0;0;0;0;0;0;8;0;0;0;0;0;0;2;0;0;0;0;3;0;0;0;0;0;0;0;0;5;0;0;0;1;0;0;0;0;0;0;0;0;0;0;0;0;0;0;0;0;0;1;0
Uppsala;Brunkullsvägen;1;No;6644062,999;612703,008;59,91861111;17,01583333;10,625;1,4;16;0;0;2;0;0;0;1;0;0;0;0;0;0;0;0;0;0;0;0;0;0;0;0;0;0;0;0;0;0;0;16;0;0;0;0;2;0;0;0;16;0;0;0;0;0;0;0;0;11;0;0;0;0;0;0;0;0;2;0;16;1;0;0;0;0;0;0;0;2;0;0;0;0;1;0;0;0;0;0;0;0;0;0;0;0;0;0;0;0;0;2;0;0;0;0;0;0;0;0;0;0;0;0;0;0;0;0;2;0;0;0;0;0;0;0;0;0;0;0;0;0;0;7;8;0;0;0;0
Uppsala;Brunkullsvägen;1;Yes;6644062,999;612703,008;59,91861111;17,01583333;30;1;16;0;0;4;0;0;0;2;0;0;0;0;0;0;1;0;0;0;0;0;0;0;0;0;0;0;0;0;0;0;0;4;0;0;0;0;0;0;0;0;7;0;0;0;0;0;0;0;0;3;0;0;0;0;0;0;0;0;0;0;1;16;0;0;0;0;0;0;0;0;0;2;0;0;0;0;0;0;0;0;0;0;0;1;0;0;0;0;0;0;4;1;0;0;0;0;0;0;0;0;0;0;0;0;0;2;1;0;0;1;0;0;0;0;0;0;0;1;0;0;0;0;0;0;0;0;0;0;0
Uppsala;Bänntorpet;1;No;6643046,881;602226,068;59,91222222;16,82805555;3,75;2,2;8;0;0;0;0;0;0;12;0;0;0;0;0;0;0;0;0;0;0;0;0;0;0;0;1;0;0;0;0;0;0;0;4;0;0;0;0;0;0;0;0;4;0;0;0;0;1;3;0;13;0;0;0;0;0;0;1;4;2;0;0;3;1;0;1;0;0;0;0;0;0;7;0;0;0;0;0;0;0;0;0;0;0;4;3;0;0;0;0;16;0;0;0;0;0;0;0;0;0;2;0;0;0;0;0;6;0;0;1;0;0;0;0;0;9;0;0;0;0;0;0;0;0;0;0;0;0;0;0
Uppsala;Bänntorpet;1;Yes;6643046,881;602226,068;59,91222222;16,82805555;33,125;1,6;3;0;0;0;0;0;0;8;0;0;0;0;0;0;0;0;0;0;0;0;0;0;1;0;12;0;0;0;0;0;0;0;2;0;0;0;1;0;0;0;0;3;0;0;0;0;7;1;0;1;0;0;0;0;0;0;2;3;3;0;0;16;0;0;0;0;0;0;0;0;0;0;0;0;0;0;0;0;0;0;0;0;0;3;0;0;0;0;0;0;0;0;0;0;0;0;0;0;0;5;0;0;0;0;0;1;0;0;0;0;0;0;0;0;0;0;0;0;0;0;0;0;0;0;3;0;0;0;0
Uppsala;Enköping;1;No;6616274,8;617979,682;59,66777778;17,09444444;2,5;1,4;6;0;0;0;0;0;0;0;0;0;0;0;0;0;0;0;0;0;0;0;0;0;0;0;0;0;0;0;0;0;0;0;0;0;0;0;0;2;0;3;0;0;0;0;0;0;0;0;0;0;0;0;0;0;0;0;0;0;0;0;0;1;0;0;0;0;0;0;0;0;0;0;0;0;0;0;0;0;0;0;0;0;0;0;0;0;0;0;0;0;0;0;0;0;0;0;0;0;0;0;0;0;0;0;0;0;0;0;0;16;0;0;0;0;0;0;0;0;0;0;0;0;0;0;0;0;0;0;0
Uppsala;Enköping;1;Yes;6616274,8;617979,682;59,66777778;17,09444444;18,75;1,6;0;0;0;0;0;0;0;0;0;0;0;0;0;0;0;0;0;0;0;0;0;0;0;0;0;0;0;0;0;0;0;0;0;0;0;0;6;4;0;0;9;0;2;0;0;0;0;0;0;0;0;0;0;0;0;0;0;0;0;0;0;16;0;0;0;0;0;0;0;0;0;0;0;0;0;0;0;0;0;0;0;0;0;0;0;0;0;0;0;0;0;0;0;0;0;0;0;0;0;0;0;0;0;0;0;0;0;0;1;12;0;0;0;0;0;0;0;0;0;0;0;0;7;0;0;0;0;0;0
Uppsala;Gullvalla;2;No;6643020,781;581185,362;59,91666667;16,45194444;1,875;0;0;0;0;0;0;0;0;2;0;0;0;0;0;0;0;4;0;0;0;0;0;0;0;0;0;0;0;1;0;0;0;0;0;0;0;0;15;0;0;0;0;0;0;0;0;0;0;3;0;0;0;0;0;0;0;0;0;0;0;0;0;3;0;0;0;0;0;0;0;0;0;0;0;0;11;0;0;0;0;0;0;0;0;0;0;0;0;0;1;4;1;0;0;0;0;0;0;0;0;0;0;0;0;0;0;2;0;0;0;3;0;0;0;0;0;0;0;0;0;0;0;0;0;0;0;0;0;14;0
Uppsala;Gullvalla;2;Yes;6643020,781;581185,362;59,91666667;16,45194444;73,75;0;3;0;0;0;0;0;0;1;0;0;0;0;0;0;0;6;0;0;0;0;0;0;0;0;0;0;0;2;0;0;0;0;0;0;0;0;16;0;0;0;1;0;0;0;0;0;0;0;0;0;0;0;0;0;0;0;0;0;0;0;0;16;0;0;0;0;0;0;0;0;0;1;0;0;6;2;0;0;0;0;0;0;0;0;0;0;0;0;0;0;0;0;0;0;0;0;0;0;0;0;0;0;0;0;0;1;2;0;0;0;0;0;0;0;0;0;0;0;0;0;0;0;0;0;0;0;0;11;0
Uppsala;Kölnbacken;2;No;6647467,838;571776,943;59,95833333;16,28527779;12,5;0,2;7;0;0;0;0;0;0;5;0;0;0;0;0;0;0;0;0;0;0;0;0;0;0;12;0;0;0;0;0;0;0;14;0;0;0;0;0;0;0;0;3;0;0;0;0;0;0;0;0;1;2;0;0;0;0;0;0;2;0;0;0;1;0;0;0;0;0;0;0;0;0;0;0;1;1;0;0;0;0;0;0;0;0;0;0;0;0;0;0;0;1;1;0;0;0;0;2;0;0;0;0;0;0;0;0;6;4;0;0;0;0;0;0;0;0;0;0;0;0;0;0;0;0;0;0;0;0;0;0
Uppsala;Kölnbacken;2;Yes;6647467,838;571776,943;59,95833333;16,28527779;66,25;0,4;2;0;0;0;0;0;0;7;0;0;0;0;0;0;0;0;0;0;0;0;0;0;0;1;0;0;0;0;0;0;0;15;0;0;0;0;0;0;0;0;0;0;0;0;0;0;0;0;0;0;0;0;0;0;0;0;0;0;1;0;0;16;0;0;0;0;0;0;0;0;0;0;0;0;0;0;0;0;0;0;0;0;0;0;6;0;0;0;0;0;1;0;0;0;0;0;0;0;0;0;0;0;0;0;0;7;1;0;0;1;0;0;0;0;0;0;0;0;0;0;0;0;0;0;0;0;0;0;0
Uppsala;Lilla harnevi;2;No;6622216,136;617917,168;59,72111111;17,09666666;6,875;2,4;0;0;0;0;0;0;0;0;0;0;0;0;0;0;0;0;0;0;0;0;0;0;0;12;0;0;0;0;0;0;0;0;0;0;0;0;0;0;0;0;5;0;0;0;0;0;0;0;0;0;0;0;0;0;0;0;0;0;0;0;0;1;0;0;0;0;0;0;0;0;0;0;0;0;0;0;0;0;0;0;7;0;0;1;0;0;0;0;0;0;0;0;0;0;0;0;0;0;0;0;0;0;0;0;0;0;0;0;0;0;0;0;0;0;0;0;0;0;0;0;0;0;0;0;4;0;3;0;0
Uppsala;Lilla harnevi;2;Yes;6622216,136;617917,168;59,72111111;17,09666666;63,75;2;0;0;0;0;0;0;0;0;0;0;0;0;0;0;0;0;0;0;0;0;0;0;0;11;0;0;0;0;0;0;0;0;0;0;0;0;0;0;0;0;4;0;0;0;0;0;0;0;0;0;0;0;0;0;0;0;0;0;0;0;0;16;0;0;0;0;0;0;0;0;0;0;0;0;0;0;0;0;0;0;4;0;0;0;0;0;0;0;0;0;0;0;0;0;0;0;0;0;0;0;0;0;0;0;2;0;0;0;0;0;0;1;0;0;0;4;0;0;0;0;0;0;0;0;1;0;1;0;0
Uppsala;Odensfors;2;No;6680860,924;630155,667;60,24361111;17,35111111;13,75;1;0;0;0;0;16;4;0;0;0;0;2;0;0;0;0;6;0;0;0;0;0;0;0;0;0;0;0;0;0;0;0;8;3;0;0;1;0;0;0;0;0;0;0;0;0;0;0;0;1;1;2;0;0;0;0;4;0;0;11;0;0;2;0;0;0;0;0;0;0;0;0;0;0;0;0;0;0;0;0;4;0;0;0;14;0;0;0;0;1;0;0;0;0;0;0;0;0;0;0;0;0;0;0;0;0;5;3;0;0;2;0;0;0;0;9;0;0;0;0;0;0;0;4;1;0;0;0;0;0
Uppsala;Odensfors;2;Yes;6680860,924;630155,667;60,24361111;17,35111111;53,75;0,2;2;0;0;0;8;0;0;0;0;0;6;0;0;0;0;0;0;0;0;0;0;0;0;2;0;0;0;0;0;0;0;0;0;0;0;0;4;0;0;0;4;0;4;0;0;0;0;0;0;0;0;0;0;0;0;0;0;0;1;0;0;16;0;0;0;0;1;0;0;0;0;0;2;1;0;0;0;0;0;1;0;0;0;5;4;0;0;0;0;0;0;0;0;0;0;0;0;0;0;0;0;0;0;0;0;1;0;0;0;12;0;0;0;0;2;0;0;0;0;0;0;0;0;0;0;0;0;0;6
Uppsala;Ransta;1;No;6649490,25;590583,092;59,97277778;16,62277778;14,375;1,4;16;0;0;0;0;0;0;1;0;0;0;0;0;0;0;0;0;0;0;0;0;0;0;1;0;0;0;0;0;0;0;9;0;0;0;0;8;0;0;0;12;0;0;4;0;0;0;4;0;0;0;0;0;0;0;0;0;12;0;0;0;0;0;0;0;0;0;0;0;0;0;0;0;0;0;0;0;0;0;0;0;0;0;4;0;0;0;0;0;0;0;0;1;0;0;0;0;0;0;0;0;10;0;0;0;2;0;0;0;10;0;0;0;0;0;0;0;0;0;0;0;0;13;0;0;0;0;0;0
Uppsala;Ransta;1;Yes;6649490,25;590583,092;59,97277778;16,62277778;51,25;2;14;0;0;0;0;0;0;2;0;0;0;0;0;0;0;0;0;0;0;0;0;0;0;6;0;0;0;0;0;0;0;3;0;0;0;0;0;1;0;0;0;0;0;1;0;0;0;5;0;0;0;0;0;0;0;0;0;2;0;0;0;16;0;0;0;0;0;0;0;0;0;0;0;0;0;0;0;0;0;0;0;0;0;0;0;0;0;0;0;0;0;0;0;0;0;0;0;0;0;0;0;0;0;0;0;4;0;0;0;0;0;0;0;0;0;0;0;0;0;0;0;0;0;0;0;1;0;0;2
Uppsala;Rödmossa;1;No;6661520,071;602055,72;60,07805556;16,83416667;6,875;2,2;1;0;0;0;0;0;0;0;4;0;0;0;0;0;0;0;0;0;0;0;0;2;0;9;0;0;0;0;0;0;0;12;6;0;0;0;0;1;0;0;11;0;0;0;0;0;0;0;0;0;0;0;0;0;0;0;0;3;3;0;0;0;1;0;0;0;0;0;0;0;0;0;0;0;0;0;0;2;0;0;0;0;0;6;0;0;0;0;0;0;2;0;0;0;0;0;0;0;0;0;0;0;1;0;0;10;0;0;16;0;0;0;0;2;0;0;0;0;0;0;0;0;0;0;1;0;0;0;0
Uppsala;Rödmossa;1;Yes;6661520,071;602055,72;60,07805556;16,83416667;63,75;3,6;9;0;0;0;0;0;0;0;0;0;0;0;0;0;0;0;0;0;0;0;0;0;0;9;0;0;0;0;0;0;1;0;10;0;0;0;0;0;0;0;13;0;0;0;0;0;0;0;0;0;0;0;0;0;0;0;0;1;2;0;0;16;0;0;0;0;0;0;0;0;0;0;0;0;0;0;0;4;0;0;0;0;0;4;0;0;0;0;0;0;0;0;0;0;0;0;0;0;0;0;1;0;0;0;0;15;0;0;9;15;0;0;0;9;0;0;0;0;0;0;0;0;0;0;0;0;0;0;0
Uppsala;Solbo;2;No;6637867,687;599567,525;59,86638889;16,77805556;11,875;1;16;0;0;0;0;0;0;5;0;0;0;0;0;0;0;0;0;0;0;0;0;0;0;0;0;0;0;0;0;0;0;7;6;0;0;0;4;0;0;0;7;0;0;0;0;1;0;0;0;9;1;0;0;0;0;0;0;0;6;0;8;0;0;0;0;0;0;0;0;0;0;0;0;15;2;0;0;0;0;0;0;0;2;0;5;0;0;0;0;0;0;0;0;0;0;0;2;0;0;0;0;0;0;0;0;4;1;0;5;9;0;0;0;0;0;0;0;0;0;0;0;0;0;0;0;0;0;0;0
Uppsala;Solbo;2;Yes;6637867,687;599567,525;59,86638889;16,77805556;61,25;0,8;4;0;0;0;0;0;0;5;0;0;0;0;0;0;0;1;0;0;0;0;0;0;0;0;0;0;0;0;0;0;0;4;3;0;0;0;0;0;0;0;7;0;0;10;0;1;0;0;0;0;0;0;0;0;0;0;0;0;0;0;0;16;0;0;0;0;0;0;0;0;0;0;0;0;0;0;0;0;0;0;0;0;0;0;1;0;0;0;1;0;0;0;0;0;0;0;0;0;0;0;0;0;0;0;0;0;0;0;0;0;0;0;0;0;3;0;0;0;0;0;0;0;0;0;0;0;0;0;0
Uppsala;Österunda2;1;No;6633357,23;617829,747;59,82111111;17,10138889;11,25;1;0;0;0;0;0;1;0;0;0;0;0;1;0;0;0;0;0;2;0;0;0;8;0;4;0;0;0;0;0;0;0;8;13;0;0;0;0;0;0;0;0;0;0;0;0;0;0;0;0;0;0;0;0;0;0;1;0;3;1;0;0;1;0;0;0;3;0;0;0;0;3;0;0;0;0;0;0;0;0;0;0;0;0;11;0;0;0;0;0;0;0;0;0;2;0;1;0;0;0;0;0;0;0;0;1;1;0;0;9;1;0;3;0;8;0;0;0;0;0;0;7;3;0;0;4;0;0;0;0
Uppsala;Österunda2;1;Yes;6633357,23;617829,747;59,82111111;17,10138889;46,25;0,2;1;0;0;0;0;0;0;0;0;0;0;0;0;0;3;0;2;2;4;0;0;6;0;5;0;0;0;0;0;0;0;7;14;0;0;3;0;0;0;0;1;0;0;0;0;0;0;0;0;0;0;0;0;0;0;1;0;1;0;0;0;16;0;0;0;0;0;0;0;0;1;0;0;0;0;0;0;0;0;0;0;0;0;4;0;0;0;0;0;0;0;0;0;2;0;0;0;0;0;0;0;0;0;0;0;3;0;0;4;2;0;4;0;7;0;0;0;0;0;0;5;3;0;0;6;0;0;0;0
Värmland;Bergsviken/Älvsbacka;1;No;6621444,286;424643,157;59,72408;13,66006;25,625;2,7375;0;0;3;0;3;0;0;12;0;0;0;0;0;0;0;0;0;0;0;0;0;3;0;0;0;0;0;0;0;0;0;0;0;0;0;0;3;0;0;0;0;2;2;0;0;0;0;0;0;0;0;0;0;0;0;0;0;0;0;0;0;0;0;0;0;0;0;0;2;0;0;0;0;0;0;0;0;0;0;0;0;0;0;8;0;0;0;0;0;0;0;0;0;0;0;0;0;0;0;0;0;0;0;0;0;0;0;0;0;0;4;0;0;0;0;0;0;0;0;0;0;0;0;0;0;2;0;0;0
Värmland;Bergsviken/Älvsbacka;1;Yes;6621444,286;424643,157;59,72408;13,66006;77,5;2,1;8;0;0;0;0;0;0;0;0;0;0;0;0;0;0;0;0;0;0;0;0;0;0;0;0;0;0;0;0;0;0;0;0;0;0;0;0;0;0;0;0;0;0;0;0;0;0;0;0;0;2;0;0;0;0;0;0;0;0;0;0;16;0;0;0;0;0;0;0;0;0;0;0;0;0;0;0;0;0;0;0;0;0;3;0;0;0;0;0;0;0;0;0;0;0;0;0;0;0;0;0;0;0;0;0;0;0;0;0;0;0;0;0;0;0;0;0;0;0;0;0;0;0;0;0;0;0;0;0
Värmland;Flugbohöjden/Ettala;1;No;6589893,959;468414,497;59,44641;14,44299999;18,75;2,28125;7;0;0;0;5;0;0;0;0;4;0;0;5;0;5;0;0;0;0;4;0;0;0;0;0;1;0;0;0;0;0;0;0;0;0;0;0;0;0;0;0;0;0;0;0;0;0;0;0;2;0;0;0;0;0;0;0;15;12;0;2;0;10;0;0;5;0;0;0;0;0;0;0;0;0;0;0;0;0;0;0;0;0;5;0;5;0;0;0;0;0;0;0;0;0;0;0;0;0;0;0;0;0;0;0;2;0;0;8;4;9;4;5;0;5;0;0;0;0;0;0;0;0;1;0;0;0;0;0
Värmland;Flugbohöjden/Ettala;1;Yes;6589893,959;468414,497;59,44641;14,44299999;63,75;2,3875;3;0;0;0;0;0;0;0;0;3;0;0;0;0;0;0;0;0;0;0;0;0;0;0;0;0;0;0;0;0;0;0;0;0;0;0;0;0;0;0;0;0;0;0;0;0;0;0;0;0;0;0;0;0;0;0;0;0;0;0;0;16;0;0;0;0;0;0;0;0;0;0;0;0;0;0;0;0;0;0;0;0;0;0;0;0;0;0;0;0;0;0;0;0;0;0;0;0;0;0;0;0;0;0;0;3;0;0;0;0;0;0;0;0;0;0;0;0;0;0;0;0;0;0;0;0;0;0;1
Värmland;Gersbysäter/Gersby;1;No;6632365,339;413495,384;59,81994;13,45739999;23,75;2,81875;4;0;2;0;0;0;0;0;0;0;0;0;0;2;0;0;0;0;0;0;0;0;0;0;0;0;0;0;0;0;0;0;0;0;0;0;0;0;0;0;0;0;0;0;0;0;0;0;0;0;0;0;0;1;0;0;0;0;4;0;0;0;0;0;2;1;0;0;0;0;0;0;0;0;0;0;0;0;0;5;0;0;0;13;0;0;0;0;0;0;3;0;0;0;0;0;0;0;0;0;0;0;0;4;0;5;0;0;0;0;0;3;0;0;0;0;0;0;0;0;0;0;0;0;2;0;0;5;2
Värmland;Gersbysäter/Gersby;1;Yes;6632365,339;413495,384;59,81994;13,45739999;63,75;2,7625;0;0;0;0;0;0;0;7;0;0;0;0;0;0;0;0;0;0;0;0;0;0;0;0;0;0;0;0;0;0;0;0;0;0;0;0;0;0;0;0;3;0;0;0;0;0;0;0;0;0;0;0;0;0;0;0;0;0;0;0;0;16;0;0;0;0;0;0;0;0;0;0;0;0;0;0;0;0;0;4;0;0;0;13;0;0;0;0;0;0;3;0;0;0;0;0;0;0;0;0;0;0;0;0;0;0;0;0;0;0;0;0;0;0;0;0;0;0;0;0;0;0;0;0;0;0;0;0;0
Värmland;Häggstöd/Nyeds-Backa;2;No;6603856,071;424337,33;59,56613;13,66093;5;1,5125;0;0;0;0;0;0;0;0;0;0;0;0;0;0;2;0;0;0;0;0;9;0;0;0;0;0;0;0;0;0;0;0;0;0;0;0;7;0;0;0;1;0;0;0;0;0;8;0;0;4;1;0;0;0;0;0;0;0;9;0;0;0;11;0;0;0;0;0;0;0;0;0;0;0;0;0;0;0;0;2;0;0;0;5;0;0;3;0;0;0;1;0;0;0;0;0;0;0;0;0;0;0;0;0;0;0;0;0;0;0;0;0;0;0;0;0;0;0;0;0;0;0;0;11;0;0;0;0;0
Värmland;Häggstöd/Nyeds-Backa;2;Yes;6603856,071;424337,33;59,56613;13,66093;48,75;2,525;0;0;0;0;0;0;0;2;0;0;0;0;0;0;0;4;0;0;0;0;0;0;0;0;0;0;0;0;0;0;0;0;0;0;0;0;0;0;0;0;0;0;0;0;0;0;0;0;0;0;0;0;1;0;0;0;0;0;0;0;0;16;0;0;0;0;0;0;0;0;0;0;0;0;0;0;0;0;0;0;0;0;0;4;0;0;0;0;0;0;0;0;0;0;0;0;0;0;0;0;0;0;4;0;0;0;0;0;0;0;0;1;0;0;0;0;0;0;0;0;0;0;0;0;5;0;0;0;0
Värmland;Jonsbol;1;No;6561616,409;454779,032;59,19125;14,20849;10;0,275;1;0;0;0;0;0;0;0;0;0;0;0;0;0;0;0;0;0;0;0;0;5;0;0;0;0;0;0;0;0;0;0;0;0;0;0;0;0;0;0;2;0;0;0;1;0;0;0;0;0;1;0;0;0;0;0;0;0;12;0;0;0;1;0;0;6;0;0;0;0;0;0;0;0;0;0;0;1;0;0;0;0;6;4;0;0;0;0;0;0;1;5;0;0;0;0;0;0;0;0;0;0;0;0;1;0;0;0;0;0;0;1;0;0;0;0;0;0;0;0;0;0;0;0;0;0;0;7;0
Värmland;Jonsbol;1;Yes;6561616,409;454779,032;59,19125;14,20849;56,25;2,04375;5;0;0;0;0;0;0;0;0;0;0;0;0;0;0;0;0;0;0;0;0;0;0;4;0;0;0;0;0;0;0;0;0;3;0;0;0;0;0;0;0;0;0;0;0;0;0;0;0;0;0;0;3;4;0;0;0;0;2;0;2;15;0;0;0;3;0;0;0;0;0;0;0;0;0;0;0;0;0;0;0;0;0;3;0;0;0;0;0;0;2;0;0;0;0;0;0;0;0;0;0;0;0;0;0;2;0;0;1;0;8;0;0;0;0;0;0;0;0;0;0;0;0;0;0;0;0;0;0
Värmland;Manhem/Asphyttan;2;No;6610680,146;453745,495;59,63169;14,17982;12,5;1,29375;7;0;0;0;0;1;0;0;0;0;0;0;0;0;2;0;0;0;0;0;0;0;0;0;0;0;0;0;0;0;0;0;0;0;0;0;11;0;0;0;2;0;0;0;0;0;14;0;0;0;0;0;0;0;0;0;1;0;1;0;0;0;0;0;0;0;0;0;0;0;0;0;0;0;2;1;0;0;0;4;0;0;0;0;0;0;0;0;0;0;0;0;0;0;0;0;0;0;0;0;0;0;0;0;0;0;0;0;0;0;0;0;0;0;0;0;2;0;16;0;0;0;0;0;1;0;0;0;2
Värmland;Manhem/Asphyttan;2;Yes;6610680,146;453745,495;59,63169;14,17982;37,5;1,05;3;0;0;0;0;0;0;0;0;0;0;0;0;0;1;0;0;0;0;0;0;0;0;0;0;0;0;0;0;0;0;0;0;0;0;0;16;0;0;0;0;0;0;0;0;0;0;0;0;0;0;0;0;0;0;0;1;8;1;0;0;16;0;0;1;0;0;0;0;0;0;0;0;0;0;0;0;0;0;10;0;0;0;2;0;0;0;0;0;0;0;0;0;0;0;0;0;0;0;0;0;0;0;0;0;0;0;0;0;0;0;0;0;0;0;0;0;0;16;0;0;0;0;0;3;0;0;0;0
Värmland;Nordsjö;1;No;6621254,271;413623,418;59,72023;13,46427001;15;3,6;11;0;0;0;0;0;1;0;0;0;0;0;1;0;0;0;0;0;0;0;0;0;7;0;0;0;0;0;0;0;0;0;0;0;0;0;7;0;3;0;2;0;0;0;0;0;0;0;0;3;1;0;0;2;0;0;0;0;0;0;0;0;3;0;0;0;0;0;0;0;0;0;0;0;0;0;0;0;0;0;0;0;0;7;0;0;0;0;0;0;3;0;0;0;0;0;0;0;0;0;0;0;0;0;0;0;0;0;0;0;0;0;0;0;0;0;0;0;0;0;0;0;9;0;3;0;0;0;0
Värmland;Nordsjö;1;Yes;6621254,271;413623,418;59,72023;13,46427001;67,5;2,075;1;0;0;0;0;0;0;0;0;0;0;0;4;0;0;0;0;0;0;0;0;0;0;0;0;0;0;0;0;0;0;0;0;0;0;0;0;0;0;0;7;0;0;0;0;0;0;0;0;0;0;0;0;2;0;0;0;0;0;0;0;16;0;0;0;0;0;0;0;0;0;0;0;0;0;0;0;0;0;0;0;0;0;0;0;0;0;0;0;0;0;0;0;0;0;0;0;0;0;0;0;0;0;0;0;0;0;0;0;0;0;0;0;0;0;0;0;0;0;0;0;0;0;0;0;0;0;0;0
Värmland;Nykroppa Herrhult;1;No;6621374,552;456402,293;59,728;14,22471;19,375;1,0875;0;0;0;0;0;0;0;1;0;0;0;0;0;0;0;0;0;0;0;0;0;0;2;0;0;0;0;0;7;0;0;0;0;0;0;0;3;0;0;0;0;0;0;0;0;0;0;0;0;0;0;0;0;0;8;0;0;2;5;0;0;0;0;0;0;0;0;0;0;0;0;0;0;0;0;7;0;0;0;2;0;0;0;1;0;1;0;0;0;0;0;0;0;0;0;0;0;0;2;0;0;0;0;0;0;5;0;0;0;0;0;0;0;0;0;0;0;0;0;0;0;0;0;0;3;0;0;1;0
Värmland;Nykroppa Herrhult;1;Yes;6621374,552;456402,293;59,728;14,22471;58,75;0,83125;0;0;0;0;3;0;0;0;0;0;0;0;0;0;0;0;0;0;0;0;0;0;0;0;0;0;0;0;0;0;0;0;0;0;0;0;0;0;0;0;0;0;0;0;0;0;0;0;0;0;0;0;0;0;0;0;0;0;0;0;0;16;0;0;0;0;0;0;0;0;0;0;0;0;0;0;0;0;0;0;0;0;0;2;0;0;0;0;0;0;0;0;0;0;0;0;0;0;9;0;0;0;0;0;0;0;0;0;0;0;4;0;0;0;0;0;0;0;0;0;0;0;0;0;0;0;0;0;0
Värmland;Rämmen-Haget;1;No;6641003,163;450058,324;59,90352;14,10721;11,25;0,38125;0;0;0;0;1;0;2;0;0;0;0;0;0;0;0;1;0;0;2;0;0;0;0;0;0;1;0;0;0;0;0;0;0;0;0;0;15;0;0;0;0;0;0;0;0;0;0;0;0;0;0;0;0;0;6;0;0;0;3;0;0;0;0;0;0;0;0;0;0;0;0;0;0;0;4;0;0;0;0;8;0;0;1;10;0;0;0;0;0;0;3;0;0;0;0;0;0;0;0;0;0;0;0;0;0;11;0;0;0;0;0;0;0;0;2;0;0;0;0;0;0;0;0;3;0;0;0;5;0
Värmland;Rämmen-Haget;1;Yes;6641003,163;450058,324;59,90352;14,10721;41,25;1,38125;0;0;0;0;0;0;0;0;0;0;0;0;3;0;0;0;0;0;0;0;0;0;0;0;0;0;0;0;0;0;0;0;0;0;0;0;11;0;0;0;0;0;0;0;0;0;0;0;0;1;0;0;0;0;0;0;0;0;2;0;0;13;0;0;0;0;0;0;0;0;0;0;0;0;0;0;0;0;0;1;0;0;0;2;0;0;0;0;0;0;0;0;0;0;0;0;0;0;0;0;0;0;0;0;0;3;0;0;0;0;3;0;0;0;3;0;0;0;0;0;0;0;0;0;0;0;0;0;0
Värmland;Snavlunda äng;1;No;6650908,957;494242,954;59,99545;14,89679999;6,875;0,65625;3;0;0;0;2;0;0;0;3;0;0;0;0;0;0;0;0;0;0;0;0;0;0;0;0;0;0;0;6;1;0;0;0;0;0;0;0;0;0;0;0;0;0;0;0;0;0;0;0;0;0;1;0;0;0;0;0;0;0;0;5;0;0;0;0;0;0;0;0;0;0;0;0;0;0;9;0;9;6;0;0;0;0;2;0;0;0;0;0;0;0;1;0;0;0;0;0;2;0;0;0;0;0;1;0;5;0;1;2;0;8;0;0;0;0;0;0;0;0;4;0;0;0;0;0;0;0;0;0
Värmland;Snavlunda äng;1;Yes;6650908,957;494242,954;59,99545;14,89679999;52,5;2,6375;0;0;0;0;0;0;0;0;0;0;0;0;0;0;0;6;0;0;0;0;0;0;0;0;0;0;0;0;0;0;0;0;0;0;0;0;0;0;0;0;0;0;0;0;0;0;0;0;0;0;0;0;0;0;0;0;0;0;0;0;0;14;0;0;0;0;0;0;0;0;0;0;0;0;0;0;0;0;0;0;0;0;0;0;0;0;0;0;0;0;0;0;0;0;0;0;0;0;0;0;0;0;0;0;0;0;0;0;3;0;5;0;0;0;0;0;0;0;0;0;0;0;0;0;0;0;0;0;0
Värmland;Stavkärr/Svinnersta;3;No;6537580,041;487246,521;58,97761;14,77815999;10;2,9;3;0;0;0;0;0;0;0;0;0;0;0;0;0;0;0;0;0;0;0;0;0;0;0;0;0;0;0;3;0;0;0;0;0;0;0;1;0;0;0;0;0;2;0;0;0;0;0;0;0;16;0;0;0;0;0;6;0;0;0;14;0;0;0;0;0;0;16;0;0;0;0;0;0;0;1;3;0;0;0;0;0;0;0;0;0;0;0;0;0;0;0;0;0;0;0;0;0;0;0;0;0;0;0;8;0;0;0;0;0;0;1;0;0;0;0;0;0;0;0;0;0;9;0;7;0;0;0;0
Värmland;Stavkärr/Svinnersta;3;Yes;6537580,041;487246,521;58,97761;14,77815999;86,25;2,90625;3;0;0;0;0;0;0;0;0;0;0;0;0;0;0;0;0;0;0;0;0;0;0;0;0;0;0;0;0;0;0;0;0;0;0;0;3;0;0;0;0;0;0;0;0;0;0;0;0;0;3;0;0;0;1;0;3;0;0;0;0;14;0;0;0;0;0;4;0;0;0;0;0;0;0;0;1;0;0;0;0;0;0;0;0;0;0;0;0;0;0;0;0;0;0;0;0;0;0;0;0;0;0;0;0;0;0;0;0;0;0;0;0;0;0;0;0;0;0;0;0;0;2;0;0;0;0;0;0
Värmland;Torsked;1;No;6616988,264;422533,356;59,68369;13,62420001;11,875;2,4375;0;0;0;0;0;0;0;0;0;0;0;0;0;0;0;0;0;0;0;3;0;0;0;0;0;0;15;0;0;0;0;0;0;0;0;0;0;0;0;0;0;4;0;0;0;0;0;0;0;0;1;0;0;0;0;0;0;1;0;0;0;0;0;0;2;0;0;0;0;0;0;0;0;0;0;0;0;0;0;0;0;0;0;2;0;0;0;0;0;13;0;0;0;0;0;0;0;0;0;0;0;0;0;0;0;0;0;0;0;0;0;0;0;0;0;0;0;0;0;0;0;0;0;0;2;0;0;0;0
Värmland;Torsked;1;Yes;6616988,264;422533,356;59,68369;13,62420001;31,25;2,81875;0;0;0;0;0;0;0;0;0;0;0;0;0;0;1;0;0;0;0;0;0;0;0;0;0;0;0;0;0;0;0;0;0;0;0;0;5;0;0;0;0;0;0;0;0;0;0;0;0;0;0;0;0;0;0;0;0;0;0;0;0;16;3;1;0;0;0;0;0;0;0;0;0;0;0;0;0;0;0;0;0;0;0;2;0;0;0;0;0;0;0;0;0;0;0;0;0;0;0;0;0;0;0;0;0;0;0;0;0;0;0;0;0;0;0;0;0;0;0;0;0;0;0;0;0;0;0;0;0
