County;Site;Lupin;Acer platanoides;Achillea millefolium;Achillea ptarmica;Aegopodium podagraria;Aethusa cynapium;Agrostis capillaris;Agrostis stolonifera;Ajuga pyramidalis;Alchemilla vulgaris;Alnus glutinosa;Alopecurus pratensis;Anemone nemorosa;Angelica sylvestris;Anthoxanthum odoratum agg.;Anthriscus sylvestris;Anthyllis vulneraria;Aquilegia vulgaris;Arenaria serpyllifolia;Argentina anserina;Arrhenatherum elatius;Artemisia vulgaris;Athyrium filix-femina;Avenella flexuosa;Betula pendula;Betula pubescens;Bistorta vivipara;Bromopsis inermis;Bunias orientalis;Calamagrostis arundinacea;Calamagrostis epigejos;Calluna vulgaris;Caltha palustris;Campanula patula;Campanula persicifolia;Campanula rapunculoides;Campanula rotundifolia;Carex acuta;Carex digitata;Carex flacca;Carex flava;Carex leporina;Carex nigra;Carex oederi;Carex pallescens;Carex panicea;Carex pilulifera;Carum carvi;Centaurea cyanus;Centaurea jacea;Centaurea sp.;Cerastium fontanum;Chamaenerion angustifolium;Cirsium arvense;Cirsium heterophyllum;Cirsium palustre;Cirsium vulgare;Comarum palustre;Convallaria majalis;Convolvulus arvensis;Cota tinctoria;Crepis praemorsa;Dactylis glomerata;Dactylorhiza maculata;Daucus carota subsp. carota;Dianthus deltoides;Elytrigia repens;Epilobium ciliatum;Equisetum;Equisetum arvense;Equisetum fluviatile;Equisetum sylvaticum;Erigeron acris;Euphrasia nemorosa;Festuca brevipila;Festuca ovina;Festuca rubra;Ficaria verna;Filipendula ulmaria;Fragaria vesca;Frangula alnus;Galium boreale;Galium uliginosum;Galium verum;Gallium mollugo;Geranium pyrenaicum;Geranium sylvaticum;Geum rivale;Geum urbanum;Glebionis segetum;Heracleum sphondylium;Hieracium sect. Bifida;Hieracium sect. Hieracium agg.;Hieracium sect. Tridentata;Hieracium sect. Vulgata;Hieracium spp.;Hieracium umbellatum;Hypericum maculatum;Hypericum perforatum;Juncus conglomeratus;Juncus effusus;Knautia arvensis;Lactuca muralis;Lamium album;Lapsana communis;Lathyrus linifolius;Lathyrus pratensis;Leucanthemum vulgare;Linaria vulgaris;Linum catharticum;Lotus corniculatus;Lupinus polyphyllus;Luzula multiflora;Luzula pallescens;Luzula pilosa;Lychnis flos-cuculi;Maianthemum bifolium;Medicago lupulina;Melampyrum pratense;Melampyrum sylvaticum;Melica nutans;Mentha x verticillata;Moehringia trinervia;Myosotis arvensis;Myosotis scorpioides;Neottia ovata;Noccaea caerulescens;Paris quadrifolia;Parnassia palustris;Pedicularis palustris;Phalaris arundinacea;Phleum alpinum;Phleum pratense;Picea abies;Pilosella cymosa;Pilosella lactucella;Pilosella officinarum;Pimpinella saxifraga;Pinguicula vulgaris;Pinus sylvestris;Plantago lanceolata;Plantago major;Poa chaixii;Poa pratensis;Poa supina;Poa trivialis;Poaceae;Polygala vulgaris;Populus tremula;Potentilla argentea;Potentilla erecta;Potentilla reptans;Primula veris;Prunella vulgaris;Prunus padus;Pteridium aquilinum;Pyrola minor;Pyrola rotundifolia;Ranunculus acris subsp. acris;Ranunculus auricomus agg.;Ranunculus repens;Rhinanthus minor;Rubus arcticus;Rubus fruticosus;Rubus idaeus;Rubus saxatilis;Rumex acetosa;Rumex acetosella;Rumex crispus;Rumex longifolius;Sagina procumbens;Sagina revelierei;Salix aurita;Salix caprea;Salix cinerea;Salix pentandra;Schedonorus pratensis;Scirpus sylvaticus;Scleranthus perennis;Scorzonera humilis;Scorzoneroides autumnalis;Selinum carvifolia;Silene vulgaris;Solidago canadensis;Solidago virgaurea;Sonchus oleraceus;Sorbus aucuparia;Stachys palustris;Stellaria graminea;Stellaria longifolia;Succisa pratensis;Symphytum asperum;Tanacetum vulgare;Taraxacum;Tragopogon pratensis;Trifolium aureoum;Trifolium hybridum;Trifolium medium;Trifolium pratense;Trifolium repens;Trifolium spadiceum;Tripleurospermum inodorum;Tussilago farfara;Unknown;Urtica dioica;Vaccinium myrtillus;Vaccinium uliginosum;Vaccinium vitis-idaea;Verbascum nigrum;Veronica arvensis;Veronica beccabunga;Veronica chamaedrys;Veronica officinalis;Vicia cracca;Vicia sepium;Vicia sylvatica;Vicia tetrasperma;Viola arvensis;Viola canina;Viola riviniana
Uppsala;Backa;Yes;0;0;0;0;0;0;0;0;3;0;0;0;0;0;0;0;0;0;0;0;0;0;0;1;0;0;0;0;0;0;0;0;0;0;0;0;0;0;0;0;0;0;0;0;0;0;0;0;0;0;0;0;8;0;0;0;0;0;0;0;0;0;0;0;0;0;0;0;1;0;2;0;0;0;0;0;0;0;8;0;0;0;0;0;0;0;0;7;0;0;0;0;0;0;0;2;0;0;0;0;0;0;0;0;3;0;0;0;0;0;32;0;0;2;0;0;0;0;0;0;0;0;0;0;0;1;0;0;0;0;0;0;2;0;0;0;0;0;0;0;0;0;0;0;0;0;0;0;0;0;0;0;4;0;0;0;0;3;0;2;0;0;0;1;0;1;0;0;0;0;0;2;0;0;0;0;0;0;0;0;0;0;0;0;0;0;0;11;0;0;0;0;8;0;0;0;0;1;0;0;0;0;0;0;0;0;0;0;0;0;13;0;0;0;0;0;0;7;0
Uppsala;Backa;No;0;0;0;0;0;0;0;0;0;0;0;6;0;0;0;0;0;0;0;0;0;0;0;1;0;0;0;0;0;0;0;0;2;0;0;0;0;0;0;0;1;0;2;3;0;0;0;0;0;0;0;0;10;0;0;0;0;0;0;0;0;0;0;0;0;0;0;0;10;0;0;0;0;0;0;0;0;6;26;0;0;0;0;10;0;0;0;0;0;0;0;0;0;0;0;10;0;0;0;0;0;0;0;0;24;9;0;0;0;0;8;2;1;21;0;0;0;0;0;0;0;0;0;0;0;3;0;0;0;0;0;0;0;0;0;0;0;0;0;0;0;0;0;0;0;0;0;0;0;7;0;0;0;0;0;0;0;5;0;0;0;0;0;7;0;3;2;0;0;0;0;0;0;0;0;0;0;0;0;0;0;0;0;0;0;0;0;4;0;1;0;0;0;0;0;0;0;0;0;0;0;0;0;0;0;0;0;0;0;0;16;4;0;0;0;0;0;5;0
Uppsala;Brobacke;Yes;0;12;8;0;0;0;0;0;0;0;0;0;0;0;5;0;0;0;0;0;0;0;0;0;0;0;0;0;0;0;0;0;2;0;0;0;0;0;0;0;0;0;0;0;0;0;0;0;0;0;4;0;0;0;0;0;0;0;0;0;0;0;0;0;0;0;0;0;17;0;0;0;0;0;0;0;0;5;0;0;0;0;0;3;0;4;0;0;0;0;0;0;0;0;0;0;3;0;0;0;0;0;0;0;0;5;0;0;0;0;32;0;0;0;0;0;0;0;0;0;0;0;1;0;0;0;0;0;0;0;0;0;0;1;0;0;0;0;0;0;0;0;0;0;0;0;0;0;0;0;0;0;0;0;0;0;0;0;0;8;0;0;0;0;0;0;2;0;0;0;0;0;0;0;0;0;0;0;0;3;0;0;0;0;0;0;0;0;0;0;0;0;12;0;0;0;1;0;0;0;0;0;0;0;0;0;0;0;0;0;0;0;0;0;0;0;0;1;0
Uppsala;Brobacke;No;0;16;19;0;0;0;0;0;3;0;0;0;0;0;0;0;0;0;0;0;0;0;0;0;0;0;0;0;0;0;0;0;0;0;0;0;0;0;0;0;0;0;0;0;0;0;0;0;0;0;0;0;1;1;0;0;0;0;0;0;0;0;0;0;0;0;0;0;17;0;0;0;14;0;0;0;0;7;0;0;0;0;0;23;0;2;0;0;0;0;0;0;2;0;0;0;1;0;0;0;0;0;0;0;0;8;0;3;0;0;0;0;0;0;0;0;0;0;0;0;0;0;0;0;0;1;0;0;0;0;0;0;0;9;0;0;0;0;1;0;3;0;0;0;0;0;0;0;0;0;0;7;0;0;0;0;0;2;0;1;0;0;0;0;0;7;5;0;0;0;2;0;2;0;0;0;0;0;0;6;0;0;0;0;0;0;0;0;0;0;0;0;3;1;0;9;3;0;0;0;4;1;0;0;0;0;0;0;0;0;9;0;4;0;0;0;0;0;0
Uppsala;Brunkullsvägen;Yes;0;32;0;0;5;0;0;0;0;0;0;0;0;0;2;0;0;0;0;0;0;0;0;1;0;0;0;0;0;0;0;0;0;1;0;0;0;0;0;0;0;0;0;0;0;0;0;0;0;0;0;0;0;0;0;0;0;0;0;0;0;0;0;0;0;0;0;0;7;0;0;0;0;0;0;0;0;0;0;0;0;0;0;17;0;0;0;0;0;0;0;0;0;0;0;3;0;0;0;0;0;0;0;0;0;0;0;0;0;6;32;0;0;0;0;0;0;0;0;0;0;0;0;0;0;2;0;0;0;0;0;0;0;0;0;0;0;0;0;0;0;0;0;0;0;0;0;0;0;0;0;0;0;0;0;0;0;1;0;0;0;0;0;0;0;5;1;0;0;0;0;0;0;4;0;0;0;0;0;0;0;0;0;0;0;0;0;0;0;0;0;0;2;1;0;0;1;0;2;0;0;0;0;0;0;1;0;0;0;0;4;0;0;0;0;0;0;0;0
Uppsala;Brunkullsvägen;No;0;30;0;0;2;0;0;0;0;0;0;0;0;0;2;0;0;0;0;0;0;0;0;0;3;0;0;0;0;0;0;0;0;0;0;0;0;0;0;0;0;0;0;0;0;0;0;0;0;0;1;0;0;0;0;0;0;0;0;0;0;0;0;0;0;0;0;0;20;0;0;0;0;0;0;0;0;0;2;0;0;0;0;28;0;0;0;0;0;0;0;0;0;0;0;15;0;0;0;0;0;0;0;0;0;0;2;0;0;19;4;0;0;0;0;0;0;0;0;0;0;0;2;0;0;1;0;0;0;0;0;0;1;0;0;3;0;0;0;0;0;0;0;0;0;0;0;0;0;0;0;0;0;0;0;0;0;0;0;0;0;0;0;0;0;2;8;0;0;0;0;0;0;4;0;0;0;0;0;0;0;0;0;0;0;0;0;0;0;0;0;0;0;2;0;2;0;0;0;0;0;0;0;0;0;0;0;0;0;0;0;7;8;0;0;0;0;0;0
Uppsala;Bänntorpet;Yes;0;7;0;0;0;0;0;0;0;0;0;0;0;0;16;0;0;0;0;0;0;0;0;1;0;0;0;0;0;0;0;0;0;0;0;0;0;0;0;0;0;0;0;0;0;0;0;0;0;0;0;1;0;15;0;0;0;0;0;0;0;0;0;0;0;0;0;0;0;0;2;0;0;0;0;0;0;0;17;0;0;0;0;0;0;8;0;0;0;0;0;11;1;0;0;5;0;0;0;0;0;0;0;0;4;3;7;0;0;0;32;1;0;0;0;0;0;0;0;0;0;0;1;0;0;0;0;0;0;0;0;0;10;0;0;0;0;0;1;0;0;0;0;0;0;0;0;0;0;0;0;0;0;0;0;0;0;4;0;0;0;0;0;0;10;0;0;0;0;0;0;0;0;0;0;0;0;0;0;2;0;0;0;6;0;0;0;0;0;0;0;0;12;0;0;0;1;0;0;0;0;4;0;0;0;0;0;0;0;0;0;0;3;0;0;0;0;0;0
Uppsala;Bänntorpet;No;0;18;0;0;0;0;0;0;0;0;0;1;0;0;19;0;0;0;0;0;1;0;0;0;4;0;0;0;0;0;0;0;0;0;0;0;0;0;0;0;0;0;0;0;0;0;0;0;0;0;0;0;0;2;0;0;0;0;0;0;0;0;0;0;0;0;0;0;0;0;4;0;0;0;0;0;0;0;11;0;0;0;0;0;0;7;0;0;0;0;0;6;4;0;0;19;0;0;0;0;0;0;0;0;1;4;9;0;0;0;4;1;0;1;0;0;0;0;0;0;0;0;1;0;0;7;0;0;0;0;0;0;6;0;0;0;0;0;0;0;0;0;0;0;0;0;0;0;0;0;0;0;0;0;0;0;0;6;0;4;0;0;0;0;17;0;0;0;0;0;0;0;1;0;0;0;0;0;0;3;1;0;0;8;0;0;0;0;0;0;0;0;16;1;0;1;12;0;1;0;0;10;0;0;0;0;0;0;0;0;0;0;0;0;0;0;0;0;0
Uppsala;Dragkärret;Yes;0;24;0;0;0;0;0;0;0;0;0;0;0;0;11;0;0;0;0;0;0;0;0;0;0;0;0;0;0;0;0;0;0;0;0;4;0;0;0;0;0;0;0;0;0;0;0;0;0;0;0;0;1;0;0;0;0;0;0;0;0;0;0;0;0;0;0;0;12;0;0;0;0;0;0;0;0;0;11;0;0;0;0;25;0;0;0;0;0;0;0;0;0;0;0;4;0;0;0;0;0;0;0;0;0;0;2;0;0;8;32;0;0;0;0;0;0;0;0;0;0;0;0;0;0;0;0;0;0;0;0;0;0;0;0;0;0;0;0;0;1;0;0;0;0;0;0;0;0;0;0;0;0;0;0;0;0;0;0;0;0;0;0;0;0;0;0;0;0;0;0;0;0;0;0;0;0;0;0;3;0;0;0;0;0;0;0;2;0;0;0;0;4;1;0;0;6;0;0;0;0;0;0;0;0;0;0;0;0;0;0;0;0;0;0;0;0;0;0
Uppsala;Dragkärret;No;0;22;0;0;0;0;0;0;0;0;0;0;0;0;3;0;0;0;0;0;0;0;0;1;0;0;0;0;0;0;0;0;0;2;0;0;0;0;0;0;0;0;0;0;0;0;0;0;0;0;0;0;1;0;0;0;0;0;0;0;0;0;0;0;0;0;0;0;13;0;0;0;0;0;0;0;0;0;12;0;0;0;1;17;0;0;0;0;0;0;0;0;0;0;0;7;0;0;0;0;0;0;0;0;0;5;8;0;0;7;4;0;0;0;0;0;0;0;0;0;0;0;0;0;0;0;0;0;0;0;0;0;0;12;0;2;0;0;1;0;0;0;0;0;0;0;0;0;0;1;0;0;0;0;0;0;0;0;0;0;0;0;0;0;0;0;0;0;0;0;0;0;0;0;0;0;0;0;0;6;0;0;0;0;0;0;0;0;0;0;0;0;8;4;0;9;2;0;0;0;0;3;0;0;0;0;0;0;0;0;0;0;5;0;0;0;0;0;0
Uppsala;Enköping;Yes;1;0;0;0;0;0;0;0;0;0;0;0;0;0;0;0;0;0;0;0;0;0;0;0;0;0;0;0;0;0;0;0;0;0;0;0;0;0;0;0;0;0;0;0;0;0;0;0;0;0;0;0;0;0;0;0;0;0;0;0;0;0;0;0;0;0;0;0;0;0;0;0;0;0;0;0;0;0;6;0;12;0;3;13;0;0;3;0;0;0;0;0;0;0;0;0;0;0;0;0;0;0;0;0;0;2;0;0;0;0;32;0;0;0;0;0;0;0;0;0;0;0;0;0;0;0;0;0;0;0;0;0;0;0;0;0;0;0;0;0;0;0;0;0;0;0;0;0;0;0;0;0;0;0;0;0;0;1;0;0;0;0;0;0;0;0;0;0;0;0;0;0;0;0;0;0;0;0;0;0;0;0;0;0;0;0;0;0;0;0;0;0;0;0;0;1;15;0;0;0;0;0;0;0;0;0;0;0;0;0;7;0;1;0;0;0;0;0;0
Uppsala;Enköping;No;0;13;0;0;0;0;0;0;0;0;0;0;0;0;0;0;0;0;0;0;0;0;0;0;0;0;0;0;0;0;0;0;0;0;0;0;0;0;0;0;0;0;0;0;0;0;0;0;0;0;0;0;0;0;0;0;0;0;0;0;0;0;0;0;0;0;0;0;0;0;0;0;0;0;0;0;0;0;15;0;6;0;7;9;0;0;0;0;0;0;0;0;0;0;0;0;0;0;0;0;1;0;0;0;0;2;0;0;0;0;2;0;0;0;0;0;0;0;0;0;0;0;0;0;0;0;0;0;0;0;0;0;0;0;0;0;0;0;0;0;0;0;0;0;0;0;0;0;0;0;2;0;0;0;0;0;0;0;0;0;0;0;0;0;0;0;0;0;0;0;0;0;0;0;0;0;0;0;0;0;0;0;0;0;0;0;0;0;0;0;0;0;0;0;0;0;32;0;0;0;0;0;0;0;0;0;0;0;0;0;0;0;1;0;0;0;0;0;0
Uppsala;Gamsebo Hagaberg;Yes;0;15;0;0;0;0;0;0;0;0;0;0;0;0;17;0;0;0;0;0;0;0;0;0;0;0;0;0;0;0;0;0;0;0;0;0;0;0;0;0;0;0;0;0;0;0;0;0;0;0;0;0;8;0;0;0;0;0;0;0;0;0;0;0;0;0;0;0;2;0;0;0;0;0;0;0;0;8;0;0;3;0;0;9;0;0;0;0;0;0;0;0;0;0;0;0;0;0;0;0;0;0;0;0;0;3;0;0;0;2;32;0;0;0;0;0;0;0;0;0;0;0;0;0;0;3;0;0;0;0;0;0;0;0;0;0;0;0;0;0;0;0;0;0;0;0;0;0;0;0;0;0;0;0;0;0;0;0;0;8;0;0;0;0;0;0;0;0;0;0;0;0;0;0;0;0;0;0;0;0;0;0;0;0;0;0;0;0;0;0;0;0;7;0;0;1;0;0;0;0;0;0;0;0;0;0;0;0;0;0;0;0;2;0;0;0;0;0;0
Uppsala;Gamsebo Hagaberg;No;0;17;15;0;0;0;0;0;0;0;0;0;0;0;8;0;0;0;0;0;0;0;0;0;0;0;0;0;0;0;0;0;1;0;0;0;0;0;0;0;0;0;0;0;0;0;3;0;0;0;0;0;1;0;0;0;0;0;0;0;0;0;0;0;0;0;0;0;11;0;0;0;0;0;0;0;0;10;0;0;0;0;0;20;0;0;0;0;0;0;0;0;0;0;0;0;0;0;0;0;0;0;0;0;0;16;5;0;0;13;9;0;0;0;0;0;0;0;0;0;1;0;0;0;0;5;0;0;0;0;0;0;0;0;0;0;0;0;0;0;0;0;0;0;0;0;0;0;0;0;0;0;0;0;0;0;0;0;0;3;0;0;0;0;0;0;0;0;0;0;0;0;0;4;0;0;0;0;0;0;0;0;0;0;0;0;0;6;0;0;0;0;13;2;0;2;3;0;0;0;0;5;0;0;0;0;0;0;0;0;0;0;6;0;0;0;0;0;0
Uppsala;Gullvalla;Yes;0;5;0;0;0;0;0;0;0;0;0;0;0;0;1;0;0;0;0;0;0;0;0;2;0;0;0;0;0;0;0;0;5;0;0;6;0;0;0;0;0;3;0;0;0;0;0;0;0;0;0;0;0;0;0;0;0;0;0;2;0;0;0;0;0;0;0;0;16;0;0;0;0;0;0;0;0;0;16;0;2;0;0;5;0;0;0;0;0;0;0;0;1;0;0;0;0;0;0;0;0;0;0;0;0;0;0;0;0;0;32;3;0;6;0;0;0;0;0;0;0;0;0;0;0;1;0;0;0;0;0;0;3;0;0;6;2;0;0;0;3;0;0;0;0;0;0;0;0;11;0;0;0;0;0;0;0;7;0;0;0;0;0;0;0;0;0;0;0;0;0;0;0;2;1;0;0;0;0;1;0;0;0;0;0;0;0;2;0;0;0;0;7;2;0;0;14;0;0;0;0;3;0;0;0;0;0;0;0;0;0;8;0;0;0;0;0;12;0
Uppsala;Gullvalla;No;0;5;1;0;0;0;0;0;1;0;0;0;0;0;2;0;0;0;0;0;0;0;0;7;0;0;0;0;0;0;1;7;1;0;0;4;0;0;0;0;0;3;0;0;0;0;0;0;0;0;1;0;1;0;0;0;0;0;0;1;0;0;0;0;0;0;0;0;15;0;0;0;0;0;0;0;0;0;15;0;1;0;0;1;0;0;0;0;0;0;0;0;3;0;0;0;0;0;0;0;0;0;0;0;0;10;3;0;0;0;5;12;0;6;0;0;0;0;0;0;0;0;0;0;0;0;0;0;0;0;0;0;0;0;0;11;0;0;3;0;7;0;0;0;0;0;0;0;0;16;0;0;0;0;0;0;0;6;0;1;9;0;0;1;4;16;0;0;0;0;0;0;0;0;2;0;0;0;0;15;0;0;0;0;0;0;0;0;0;0;0;0;6;0;0;0;18;0;0;0;0;14;0;0;0;0;0;0;0;0;0;6;1;0;0;0;0;23;0
Uppsala;Kårbo;Yes;0;7;0;0;0;0;0;0;0;0;0;0;0;0;15;0;0;0;0;0;0;0;0;1;0;0;0;0;0;0;0;0;0;0;0;0;0;0;0;0;0;0;0;0;0;0;0;0;0;0;1;0;0;0;0;0;0;0;0;0;0;0;0;0;0;0;0;0;9;0;0;0;0;0;0;0;0;0;0;0;0;0;0;5;0;0;0;0;0;2;0;0;0;0;0;0;0;0;0;0;0;0;0;0;0;7;6;0;0;0;32;0;0;0;0;0;0;0;0;0;0;0;1;0;0;0;0;0;0;0;0;0;0;0;0;1;0;0;0;0;0;0;0;0;0;0;0;0;0;0;0;0;0;0;0;0;0;1;0;12;0;0;0;0;0;0;1;0;0;0;0;0;0;0;0;0;0;0;0;3;0;0;0;0;0;0;0;0;0;0;0;0;3;0;0;0;0;0;0;0;1;0;0;0;0;0;0;0;0;0;0;0;0;0;0;0;0;0;0
Uppsala;Kårbo;No;0;3;0;0;0;0;0;0;2;0;0;0;0;0;13;0;0;0;0;0;0;0;0;6;0;0;0;0;0;0;0;0;0;0;0;0;0;0;0;0;0;0;0;0;0;0;0;0;0;0;7;0;9;0;0;0;0;0;0;0;0;0;0;0;0;0;0;0;18;0;0;0;0;0;0;0;0;0;0;0;0;0;0;10;0;0;0;0;0;0;0;0;0;0;0;0;4;0;0;0;0;0;0;0;0;15;12;0;0;0;0;0;0;0;0;0;0;0;0;0;0;0;0;0;0;0;0;0;0;0;0;0;0;1;0;3;0;0;0;0;0;0;0;0;0;0;0;0;0;0;0;0;0;0;0;0;0;12;0;24;0;0;0;1;0;5;0;0;0;0;0;0;0;0;0;0;0;0;0;5;0;0;0;0;0;0;0;0;0;0;0;0;10;0;0;1;0;0;0;0;1;0;0;1;0;0;0;0;0;0;0;0;0;0;0;0;0;8;0
Uppsala;Kölnbacken;Yes;0;2;0;0;0;0;0;0;0;0;0;0;0;0;7;0;0;0;0;0;0;0;0;0;0;0;0;0;0;0;0;0;0;0;0;0;0;0;0;0;0;0;0;0;0;0;0;0;0;0;2;0;1;0;0;0;0;0;0;0;0;0;0;0;0;0;0;0;22;0;0;0;0;0;0;0;0;0;0;0;0;0;0;2;0;0;0;0;0;0;0;0;0;0;0;0;0;0;0;0;0;0;0;1;0;0;1;0;0;0;32;0;0;0;0;0;0;0;0;0;0;0;0;0;0;0;0;0;0;0;0;0;0;0;0;2;0;0;0;0;0;0;0;0;0;0;0;0;0;0;0;0;0;0;0;0;0;0;0;11;0;0;0;0;0;1;0;0;0;0;0;0;0;0;0;0;0;0;0;0;0;0;0;0;0;0;0;0;0;0;0;0;9;2;0;0;1;0;0;0;0;0;0;0;0;0;0;0;0;0;3;0;0;0;0;0;0;0;0
Uppsala;Kölnbacken;No;0;10;0;0;0;0;0;0;2;0;0;0;0;0;5;0;0;0;0;0;0;0;0;9;0;0;0;0;0;0;0;0;1;0;0;0;0;0;0;0;2;0;0;1;0;0;0;0;0;0;1;0;20;0;0;0;0;0;0;0;0;0;0;0;0;0;0;0;17;0;0;0;0;0;0;0;0;0;0;0;0;0;7;10;0;0;0;0;0;1;0;0;1;0;0;5;6;0;0;0;0;0;0;0;0;2;0;0;0;0;1;4;5;0;0;0;0;0;0;0;0;0;0;0;0;0;0;0;0;0;0;0;0;5;0;2;0;0;0;0;1;0;0;0;0;0;0;0;0;0;0;0;0;0;0;0;0;10;0;0;0;0;0;0;16;1;1;0;0;0;0;0;2;0;0;0;0;0;0;4;0;0;0;0;0;0;0;1;0;0;0;0;20;10;0;3;0;0;0;0;0;0;0;0;0;0;0;0;0;0;0;0;0;0;0;0;0;0;0
Uppsala;Larsbo;Yes;0;11;0;0;0;0;0;0;0;0;0;0;0;0;1;0;0;0;0;0;0;0;0;0;0;0;0;0;0;0;0;0;0;5;0;0;0;0;0;6;0;0;0;3;0;0;0;0;0;0;4;0;5;3;0;0;0;0;0;0;0;0;0;0;0;0;1;0;0;0;0;0;0;0;0;0;0;0;0;0;6;0;0;1;0;0;0;0;0;0;0;0;0;0;0;0;0;0;5;0;0;0;0;0;0;4;8;0;0;3;32;1;0;0;1;0;0;0;0;0;0;0;0;0;0;0;0;0;0;0;0;0;0;0;0;0;0;0;0;0;0;0;0;0;0;0;0;1;0;0;0;0;0;0;0;0;0;16;0;0;0;0;0;0;0;0;0;0;0;0;0;0;0;0;0;0;0;0;0;5;0;0;0;0;0;0;0;0;0;1;0;0;9;0;0;15;5;0;0;0;1;3;0;0;0;0;0;0;1;0;2;0;6;0;0;0;0;0;0
Uppsala;Larsbo;No;0;4;0;0;0;0;0;0;0;0;0;0;0;0;0;0;0;2;0;0;0;0;0;0;0;0;0;0;0;0;0;0;0;5;0;0;0;0;0;8;0;0;0;0;0;0;0;0;0;0;4;0;16;0;0;0;0;0;0;0;0;0;0;0;0;0;1;0;0;0;0;0;0;0;0;0;0;0;0;0;0;0;0;5;1;0;0;0;0;0;0;0;0;0;0;0;1;0;6;0;2;0;0;1;0;9;13;0;0;4;8;0;0;0;5;0;4;0;0;0;0;0;2;0;0;0;0;0;0;0;0;0;0;0;0;0;0;0;0;0;0;0;0;0;0;0;0;0;0;0;2;0;0;0;0;0;0;7;0;7;0;0;0;0;0;0;0;1;0;0;0;0;0;0;0;0;0;0;0;0;0;0;0;0;0;0;0;0;0;0;0;0;13;2;0;6;0;0;0;0;1;7;0;0;0;0;0;0;5;0;0;0;3;0;0;0;0;0;0
Uppsala;Lilla harnevi;Yes;0;2;0;0;0;0;0;0;0;0;0;0;0;0;0;0;0;0;0;0;1;0;0;0;0;0;0;0;0;0;0;0;0;0;0;0;0;0;0;0;0;0;0;0;0;0;0;0;0;0;0;0;14;0;0;0;0;0;0;0;0;0;0;0;0;0;0;0;0;0;0;0;0;0;0;0;0;0;0;0;0;0;0;8;0;0;0;0;0;0;0;0;0;0;0;0;0;0;0;0;0;0;1;0;0;0;0;0;0;0;32;0;0;0;0;0;0;0;0;0;0;0;0;6;0;0;0;0;0;0;0;0;0;0;0;0;0;0;0;0;0;0;0;0;0;0;0;0;0;0;20;0;0;0;0;0;0;6;0;0;0;0;0;0;0;0;0;0;0;0;0;0;0;0;0;0;0;0;0;0;0;0;0;0;0;0;0;0;0;4;0;0;0;0;0;0;0;0;1;0;1;0;0;4;0;0;0;0;0;0;0;0;2;0;0;1;0;0;0
Uppsala;Lilla harnevi;No;0;10;0;0;0;0;0;0;0;0;0;0;0;0;0;0;0;0;0;0;0;0;0;0;0;0;0;0;0;0;0;0;0;0;0;0;0;0;0;0;0;0;0;0;0;0;0;0;0;0;0;0;12;0;0;0;0;0;1;0;0;0;0;0;0;0;0;0;1;0;0;0;0;0;0;0;0;0;0;0;0;0;0;7;0;0;0;0;0;0;0;0;0;0;0;0;0;0;0;0;0;0;0;0;0;0;0;0;0;0;2;0;0;0;0;0;0;0;0;0;0;0;0;0;0;0;0;0;0;0;0;0;0;0;0;0;0;0;0;0;0;0;0;0;0;0;0;0;0;0;23;0;0;0;0;0;0;2;0;0;0;0;0;0;0;0;2;0;0;0;0;0;0;0;0;0;0;0;0;0;0;0;0;0;0;0;0;0;0;0;0;0;0;0;0;0;0;0;0;0;5;0;0;0;0;0;0;0;0;0;0;0;4;0;0;3;0;0;0
Uppsala;Littersbo 1;Yes;0;10;0;0;0;0;0;0;0;0;0;0;0;0;4;0;0;0;0;0;0;0;0;6;0;0;0;0;0;0;0;0;0;0;0;9;0;0;0;0;0;0;0;0;0;0;0;0;0;0;2;0;0;0;0;0;0;0;0;0;0;0;0;0;0;0;0;0;1;0;1;0;0;0;0;0;0;0;2;0;0;0;0;18;0;0;0;0;0;0;0;0;0;3;0;1;1;0;0;0;0;0;0;0;0;0;10;0;0;2;32;1;0;3;0;0;0;1;0;0;0;0;0;0;0;10;0;0;0;0;0;0;12;11;0;0;0;0;1;0;0;0;0;0;0;0;0;0;0;0;0;0;0;0;0;0;0;0;0;0;0;0;0;0;0;0;1;0;0;0;0;0;0;0;0;0;0;0;0;0;0;0;0;0;0;0;0;1;0;0;0;0;1;0;0;5;0;0;0;0;0;0;0;0;0;0;0;0;0;0;0;1;2;0;0;0;0;0;2
Uppsala;Littersbo 1;No;0;21;4;0;0;0;0;0;0;0;0;0;0;0;7;0;0;0;0;0;2;0;0;11;4;0;0;0;0;0;0;0;0;0;0;6;0;0;0;0;0;0;0;0;0;0;0;0;0;0;3;0;1;0;0;0;0;0;0;0;0;0;0;0;0;0;0;0;6;0;5;0;0;0;0;0;0;0;3;0;0;0;0;12;0;0;0;0;0;0;0;0;0;1;0;7;5;0;0;0;0;0;0;0;0;16;23;0;0;6;2;2;0;0;0;0;0;0;0;0;0;0;1;0;0;4;0;0;0;0;0;0;10;16;0;0;2;0;0;0;0;0;0;0;0;0;0;0;0;0;0;0;0;0;0;0;0;1;0;0;0;0;0;5;0;1;0;0;0;0;0;0;0;0;0;0;0;0;0;2;0;0;0;0;0;0;0;2;0;0;0;0;3;2;0;4;15;0;2;0;0;2;0;0;0;0;0;0;0;0;0;0;2;0;0;0;0;0;0
Uppsala;Littersbo 2;Yes;0;10;0;0;0;0;0;0;0;0;0;0;0;0;15;0;0;0;0;0;0;0;0;0;0;0;0;0;0;0;0;0;0;0;0;0;0;0;0;0;0;0;0;0;0;0;0;0;0;0;0;0;0;0;0;0;0;0;0;0;0;0;0;0;0;0;0;0;4;0;0;0;0;0;0;0;0;0;8;0;4;0;0;19;0;0;0;0;0;0;0;0;0;0;0;0;0;0;0;0;0;0;0;0;0;1;0;0;0;0;32;0;0;0;0;0;0;0;0;0;0;0;3;0;0;1;0;0;0;0;0;0;0;0;0;0;0;0;0;0;0;0;0;0;0;0;0;0;0;0;0;0;0;0;0;0;0;4;0;7;0;0;0;0;0;0;0;0;0;0;0;0;0;0;0;0;0;0;0;0;0;0;0;0;0;0;0;0;0;0;0;0;18;2;0;0;1;0;0;0;0;0;0;0;0;0;0;0;0;0;0;0;0;0;0;0;0;0;0
Uppsala;Littersbo 2;No;0;28;1;0;0;0;0;0;0;0;0;0;0;0;14;0;0;0;0;0;0;0;0;0;0;0;0;0;0;0;0;0;0;0;0;0;0;0;0;0;0;0;0;0;0;0;0;0;0;0;0;2;0;0;0;0;0;0;0;0;0;0;0;0;0;0;0;0;16;0;0;0;0;0;0;0;0;0;15;0;3;0;0;25;0;0;0;0;0;0;14;4;5;0;0;0;0;0;0;0;0;0;0;0;0;6;17;0;0;0;1;0;0;0;0;0;0;0;0;0;0;0;5;0;0;0;0;0;0;0;0;0;2;0;0;5;0;0;0;0;0;0;0;0;0;0;0;0;0;0;0;0;0;0;0;0;0;7;0;13;0;0;0;0;0;0;0;0;0;0;0;0;0;0;0;0;0;0;0;1;0;0;0;0;0;0;0;2;0;0;0;0;8;2;0;0;16;0;0;0;0;12;0;0;0;0;0;0;0;0;0;0;4;0;0;0;0;0;0
Uppsala;Lydinge;Yes;0;6;0;0;0;0;0;0;0;0;0;0;0;0;8;0;0;0;0;0;0;0;0;0;0;0;0;0;0;0;0;0;0;0;0;0;0;0;0;0;0;0;0;0;0;0;0;0;0;0;5;0;15;0;0;0;0;0;0;0;0;0;0;0;0;0;0;0;19;0;0;0;0;0;0;0;0;0;0;0;0;0;0;2;0;0;0;0;0;0;0;0;0;0;0;0;0;0;0;0;0;0;1;0;0;2;2;0;0;0;32;0;0;0;0;0;0;0;0;0;0;0;0;0;0;0;0;0;0;0;0;0;0;0;0;0;0;0;0;0;0;0;0;0;0;0;0;0;0;0;3;0;0;0;0;0;0;9;0;0;0;0;0;0;0;0;0;0;0;0;0;0;0;0;0;0;0;0;0;2;0;0;0;0;0;0;0;0;0;0;0;0;16;0;0;0;0;0;0;0;1;0;0;0;0;0;0;0;0;0;0;0;0;0;0;0;0;0;0
Uppsala;Lydinge;No;0;1;0;0;0;0;0;0;0;0;0;0;0;0;6;0;0;0;0;0;2;0;0;0;0;0;0;0;0;0;0;0;0;0;0;0;0;0;0;0;0;0;0;0;0;0;0;0;0;0;0;0;26;0;0;0;0;0;1;0;0;0;0;0;0;0;0;0;18;0;0;0;0;0;0;0;0;0;0;0;0;0;0;1;0;0;0;0;0;0;0;0;0;0;0;0;0;0;0;0;0;0;0;2;0;7;8;0;0;0;7;0;0;0;0;0;5;0;0;0;0;0;0;0;0;0;0;0;0;0;0;0;0;0;0;0;0;0;0;0;0;0;0;0;0;0;0;0;0;0;16;0;0;0;0;0;0;10;0;0;0;0;0;0;0;0;0;0;0;0;0;0;0;0;0;0;0;0;0;2;0;0;0;0;0;0;0;0;0;0;0;0;19;0;0;1;0;0;0;0;3;0;0;0;0;0;0;0;0;0;0;0;0;0;0;0;1;0;0
Uppsala;Missionskyrkan;Yes;0;23;0;0;0;0;0;0;0;0;0;0;0;0;5;0;0;0;0;0;0;0;0;0;0;0;0;0;0;0;0;0;0;0;0;0;0;0;0;0;0;0;0;0;0;0;0;0;0;0;1;0;0;0;0;0;0;0;0;0;0;0;0;0;0;0;0;0;13;0;0;0;0;0;0;0;0;0;7;0;2;0;0;18;0;0;0;0;0;0;0;0;0;0;0;0;1;0;0;0;0;0;0;0;0;0;0;0;0;0;32;0;0;0;0;0;0;0;0;0;0;0;0;0;0;0;0;0;0;0;0;0;0;3;0;0;0;0;0;0;0;0;0;0;0;0;0;1;0;0;19;0;0;0;0;0;0;0;0;1;0;0;0;1;0;0;0;0;0;0;0;0;0;0;0;0;0;0;0;2;0;0;0;0;0;0;0;0;0;0;0;0;14;1;0;1;9;0;0;0;0;0;0;0;0;0;0;0;0;0;0;0;0;1;0;0;0;0;0
Uppsala;Missionskyrkan;No;0;23;0;0;0;0;0;0;2;0;0;0;0;0;13;0;0;0;0;0;0;0;0;0;0;0;0;0;0;0;0;0;0;0;0;0;0;0;0;0;0;0;0;0;0;0;0;0;0;0;0;0;0;0;0;0;0;0;0;0;0;0;0;0;0;0;0;0;21;0;0;0;0;0;0;0;0;0;12;0;0;0;0;22;0;0;0;0;0;0;0;0;0;0;0;0;2;0;0;0;0;0;0;0;0;0;16;0;0;0;6;0;0;0;0;0;10;0;0;0;0;0;0;0;0;0;0;0;0;0;0;0;0;12;0;0;0;0;0;0;0;0;0;0;0;0;0;0;0;0;30;0;0;0;0;0;0;0;0;7;0;0;0;0;0;0;0;0;0;0;0;0;0;0;0;0;0;0;0;8;0;0;0;0;0;0;0;0;0;0;0;0;11;6;0;5;10;0;1;0;0;1;0;0;0;0;0;0;0;0;0;0;0;13;0;0;0;1;0
Uppsala;Motocrossbanan ;Yes;0;28;1;0;0;0;0;0;0;0;0;0;0;0;16;0;0;0;0;0;0;0;0;1;0;0;0;0;0;0;0;0;0;0;0;2;0;0;0;0;0;0;0;0;0;0;0;0;0;0;4;0;0;0;0;0;0;0;0;0;0;0;0;0;0;0;0;0;12;0;0;0;0;0;0;0;0;0;10;0;0;0;0;2;0;0;1;0;0;0;0;3;14;0;0;0;0;0;0;0;0;0;0;0;0;0;2;0;0;0;32;0;0;0;0;0;0;0;0;0;0;0;0;0;0;8;0;0;0;0;0;0;2;4;1;0;0;0;0;0;0;0;0;0;0;0;0;1;0;0;0;0;0;0;0;0;0;8;0;1;0;0;0;0;0;0;1;0;0;0;0;0;0;0;0;0;0;0;0;0;0;0;0;3;0;0;0;0;0;0;0;0;5;4;0;0;0;0;0;0;0;5;0;0;0;0;0;0;0;0;0;0;0;0;0;0;0;0;0
Uppsala;Motocrossbanan ;No;0;26;1;0;0;0;0;0;0;0;0;1;0;0;5;0;0;0;0;0;0;0;0;8;0;0;0;0;0;0;0;0;0;0;0;0;0;0;0;0;0;0;0;0;0;0;0;0;0;0;1;0;0;0;0;0;0;0;0;0;0;0;0;0;0;0;0;0;17;0;0;0;0;0;0;0;0;1;15;0;0;0;0;2;0;1;0;0;0;0;4;1;4;0;0;1;0;0;0;0;0;0;0;0;0;14;10;0;0;0;5;2;0;0;5;0;0;0;0;0;0;0;0;0;0;10;0;0;0;0;0;0;2;12;0;1;0;0;0;0;0;0;0;0;0;0;0;0;0;0;0;0;0;0;0;0;0;10;0;0;0;0;0;0;13;0;0;0;0;0;0;11;1;0;0;0;0;0;0;1;0;0;0;3;0;0;0;0;0;0;0;0;4;0;0;0;0;0;0;0;0;7;0;0;0;0;0;0;0;0;0;0;0;0;0;0;0;1;3
Uppsala;Odensfors;Yes;0;10;0;0;0;0;0;0;8;0;0;0;0;0;0;0;0;0;0;0;0;6;0;0;0;0;0;0;0;0;0;0;0;0;0;4;0;0;0;0;0;0;0;0;0;0;0;0;0;0;0;0;2;0;0;0;0;0;0;0;0;0;0;0;0;0;0;0;2;0;0;0;0;0;0;0;0;0;11;0;0;0;0;4;0;0;4;0;0;0;0;0;0;6;1;3;0;0;0;0;0;0;0;0;0;0;12;0;0;0;32;0;0;0;0;1;0;0;0;0;0;0;0;0;0;0;2;0;0;0;0;0;1;3;0;0;0;0;0;0;0;0;0;0;0;0;0;0;0;1;0;0;0;0;2;0;0;5;0;4;0;0;0;0;0;0;0;0;0;0;0;0;0;0;0;0;0;0;0;0;0;0;0;0;0;0;0;0;0;0;0;0;2;0;0;0;12;0;0;0;0;3;0;0;0;0;0;0;0;0;0;2;0;0;0;0;0;0;6
Uppsala;Odensfors;No;0;4;0;0;0;0;0;0;16;0;0;6;0;0;2;0;0;0;0;0;0;2;0;0;0;0;0;0;0;0;0;0;0;0;0;6;0;0;0;0;0;0;0;0;0;0;0;0;0;0;0;0;0;0;0;0;0;0;0;0;0;0;0;0;0;0;0;0;20;0;4;0;0;0;0;0;0;1;14;0;0;0;0;0;0;0;0;0;0;0;0;0;0;5;0;6;2;0;0;0;0;0;0;6;0;0;25;0;0;0;5;0;0;0;0;0;0;0;0;0;0;0;0;0;0;0;0;0;0;0;0;0;2;2;0;7;0;0;0;0;0;0;0;0;0;0;0;0;0;4;0;0;0;0;0;0;0;14;0;0;0;0;0;1;0;0;0;0;0;0;0;0;0;0;0;0;0;0;0;0;0;0;0;0;0;0;0;0;0;0;0;0;5;3;0;2;6;0;0;0;0;10;0;0;0;0;0;0;0;0;4;2;0;0;0;0;0;0;0
Uppsala;Ransta;Yes;0;26;0;0;0;0;0;0;0;0;0;0;0;0;6;0;0;0;0;0;0;0;0;0;0;0;0;0;0;0;0;0;0;0;0;0;0;0;0;0;0;0;0;0;0;0;0;0;0;0;0;0;6;0;0;0;0;0;0;0;0;0;0;0;0;0;0;0;13;0;0;0;0;0;0;0;0;0;0;2;1;0;3;11;0;0;0;1;0;0;0;0;7;0;0;0;0;0;0;0;0;0;0;0;0;2;0;0;0;0;32;0;0;0;0;0;0;0;0;0;0;0;0;0;0;3;0;0;0;0;0;0;0;0;0;1;0;0;1;0;0;0;0;0;0;0;0;0;0;0;0;0;0;0;0;0;0;0;0;0;0;0;0;0;0;0;0;0;0;0;0;0;0;0;0;0;0;0;0;0;0;0;0;0;0;0;0;0;0;0;0;0;6;0;0;0;2;0;0;0;0;2;0;0;0;0;0;0;0;0;0;0;0;1;0;0;0;0;2
Uppsala;Ransta;No;1;31;0;0;0;0;0;0;0;0;0;0;0;0;4;0;0;0;0;0;0;0;0;0;0;0;0;0;0;0;0;0;0;0;0;0;0;0;0;0;0;0;0;0;0;0;0;0;0;0;0;0;1;0;2;1;0;0;0;0;0;0;0;0;0;0;0;0;24;0;0;0;0;0;0;0;0;0;8;0;0;0;8;27;0;0;0;4;0;1;0;0;7;0;0;0;0;0;0;0;0;0;0;0;0;12;0;0;0;0;3;0;0;0;0;0;0;0;0;0;0;0;0;0;0;0;0;0;0;0;0;0;1;0;0;0;0;0;0;0;0;0;0;0;0;0;0;0;0;0;0;0;0;3;0;0;0;4;0;8;0;0;0;0;0;0;0;0;1;0;0;0;0;0;0;0;0;0;0;3;0;0;0;0;0;0;10;0;0;0;0;0;5;0;0;8;13;0;0;0;0;0;0;0;0;0;0;0;0;0;13;0;0;0;0;0;0;0;0
Uppsala;Runhällen;Yes;0;21;0;0;0;0;0;0;0;0;0;0;0;0;0;0;0;0;0;0;0;0;0;0;0;0;0;0;0;0;0;0;0;0;0;0;0;0;0;0;0;0;0;0;0;0;0;0;0;0;0;1;4;0;0;0;0;0;0;0;0;0;0;0;0;0;0;0;0;0;0;0;0;0;0;0;0;0;31;0;0;0;1;1;0;0;0;0;0;0;0;0;0;0;0;5;0;0;0;0;0;0;0;0;8;4;0;0;0;0;32;0;0;0;0;0;0;0;0;0;0;0;1;0;0;0;0;0;0;0;0;0;2;6;0;0;0;0;0;0;0;0;0;0;0;0;0;0;0;0;0;0;0;0;0;0;0;5;0;0;0;0;0;1;0;1;0;0;0;0;0;0;0;0;0;0;0;0;0;0;0;0;0;0;0;0;0;0;0;0;0;0;6;0;0;0;1;0;0;0;0;0;0;0;0;0;7;0;0;0;0;0;0;8;0;0;0;1;0
Uppsala;Runhällen;No;0;26;0;2;0;0;0;0;0;0;0;0;0;0;0;0;0;0;0;0;0;0;0;0;1;0;0;0;0;0;0;0;0;0;0;0;0;0;0;0;0;0;0;0;2;0;0;0;0;0;0;2;0;0;0;0;0;0;0;0;0;0;0;0;0;0;0;0;0;0;0;0;0;0;0;0;0;0;32;0;7;0;0;7;0;0;0;0;0;0;0;0;0;0;0;14;0;0;0;0;0;0;0;0;1;12;3;1;0;0;11;0;0;5;0;0;0;0;0;0;0;0;0;0;0;0;0;0;0;0;0;0;5;1;0;0;0;0;0;0;0;0;0;0;0;0;2;0;0;0;0;0;0;0;0;0;0;8;0;0;0;0;0;2;0;12;0;0;0;0;0;0;0;0;0;0;0;0;0;0;0;0;0;0;0;1;0;0;0;0;0;0;4;0;0;0;4;0;0;0;0;0;0;0;0;0;4;0;0;0;1;0;8;11;0;0;0;13;0
Uppsala;Röcklingeås;Yes;0;14;0;0;0;0;0;0;0;1;0;0;0;0;4;0;0;0;0;0;1;0;0;5;0;0;0;0;0;0;0;0;0;0;0;0;0;0;0;0;0;0;0;0;0;0;0;0;0;0;0;0;1;0;0;0;0;0;0;0;0;0;0;0;0;0;0;0;17;0;0;0;0;0;0;0;0;0;0;0;0;0;0;1;0;0;6;0;0;0;0;2;4;0;0;0;0;0;0;0;0;0;0;0;0;0;1;0;0;0;32;0;0;0;0;0;0;0;0;0;0;0;0;0;0;2;0;0;0;0;0;0;1;0;0;2;0;0;0;0;0;0;0;0;0;0;0;0;0;0;0;0;0;0;0;0;0;4;0;4;0;0;0;0;0;0;0;0;0;0;0;0;0;0;0;0;0;0;0;1;0;0;0;1;0;0;0;0;0;0;0;0;27;0;0;1;0;0;0;0;0;0;0;0;0;0;0;0;0;0;0;1;0;0;0;0;0;0;4
Uppsala;Röcklingeås;No;0;21;2;0;0;0;0;0;0;4;0;1;0;0;5;0;0;0;0;0;0;0;0;19;0;0;0;0;0;0;0;0;0;0;0;0;0;0;0;0;0;0;0;0;0;0;0;0;0;0;0;0;0;0;0;0;0;0;0;0;0;0;0;0;0;0;0;0;16;0;0;0;0;0;0;0;0;0;0;0;0;0;0;6;0;0;8;0;0;0;0;7;5;0;0;1;0;0;0;0;0;0;0;0;0;4;2;0;0;0;8;0;0;0;0;0;0;0;0;0;0;0;0;0;0;0;0;0;0;0;0;0;1;0;0;8;0;0;0;0;0;0;0;0;0;0;0;0;1;0;0;0;0;0;0;0;0;6;0;0;0;0;0;0;0;0;0;0;0;0;0;0;0;0;0;0;0;0;0;3;0;0;0;0;0;0;0;0;0;0;0;0;22;0;0;2;10;0;0;0;1;6;0;0;0;0;0;0;0;0;0;0;2;0;0;0;0;1;1
Uppsala;Rödmossa;Yes;0;11;0;0;0;0;0;0;0;0;0;0;0;0;0;0;0;0;1;0;0;0;0;0;0;0;0;0;0;0;0;0;0;0;0;0;0;0;0;0;0;0;0;0;0;0;0;0;0;0;0;0;12;0;0;0;0;0;0;0;0;0;0;0;0;0;0;1;1;0;14;0;0;0;0;0;0;0;0;0;0;0;0;15;0;0;0;0;0;0;0;0;0;0;0;0;0;0;0;0;0;0;0;0;0;1;2;0;0;0;32;0;0;0;0;0;0;0;0;0;0;0;0;0;0;0;0;0;0;0;0;0;0;0;0;0;0;0;1;0;4;0;0;0;0;0;0;0;0;0;0;0;0;0;0;0;0;4;0;0;0;0;0;0;0;0;0;0;0;0;0;0;0;0;0;0;0;0;0;0;0;0;0;0;2;0;0;0;0;0;0;0;16;0;0;11;24;0;0;0;9;0;0;0;0;0;0;0;0;0;0;0;0;0;0;0;0;0;0
Uppsala;Rödmossa;No;0;5;0;0;0;0;0;0;0;0;0;0;0;0;0;4;0;0;0;0;0;0;0;0;1;0;0;0;0;0;0;0;0;0;0;0;0;0;0;0;0;0;0;0;0;0;0;0;3;0;2;0;18;0;0;0;0;0;0;0;0;0;0;0;0;0;0;0;14;0;8;0;0;0;0;0;0;0;0;0;1;0;0;19;0;0;0;0;0;0;0;0;0;0;0;0;0;0;0;0;0;0;0;0;0;7;16;0;0;0;4;3;0;0;0;0;0;0;0;0;0;0;0;0;0;0;0;0;0;0;0;0;0;0;0;0;0;0;0;0;4;0;0;0;0;0;0;0;0;0;0;0;0;0;0;0;0;15;0;0;0;0;0;0;0;4;0;0;0;0;0;0;0;0;0;0;0;0;0;0;0;0;0;0;0;0;0;1;0;0;0;0;19;0;0;17;14;0;0;0;5;0;0;0;0;0;0;0;0;0;0;0;1;0;0;0;0;0;0
Uppsala;Slutbo;Yes;0;8;0;1;0;0;0;0;0;0;0;0;0;0;3;0;0;0;0;0;0;0;0;0;0;0;0;0;0;0;0;0;0;9;0;0;0;0;0;0;0;0;0;0;0;0;0;0;0;0;0;0;6;0;0;0;0;0;0;0;0;0;0;0;0;0;1;0;12;0;0;0;0;0;0;0;0;7;0;0;2;0;0;8;0;0;0;0;0;0;0;0;0;0;0;0;0;0;0;0;0;0;0;0;0;0;12;0;0;1;32;0;0;0;0;0;0;0;0;0;0;0;0;0;0;0;0;0;0;0;0;0;0;0;0;0;0;0;0;0;0;0;0;0;0;0;0;0;0;0;0;0;5;0;0;0;0;17;3;0;0;0;0;0;0;0;0;0;0;1;0;0;0;0;0;0;0;0;0;0;0;0;0;0;0;0;0;1;0;0;0;0;9;0;0;5;10;0;2;0;3;3;0;0;0;0;0;0;2;0;0;0;1;0;0;0;0;0;1
Uppsala;Slutbo;No;0;12;0;0;0;0;0;0;0;0;0;0;0;0;4;0;0;1;0;0;0;0;0;0;0;0;0;0;0;0;0;0;0;10;0;0;0;0;0;0;0;0;0;0;0;0;0;0;0;0;0;0;9;0;0;0;0;0;0;0;0;0;0;0;0;0;0;0;20;0;0;0;0;0;0;0;0;2;0;0;0;0;0;6;0;0;0;0;0;0;0;0;0;0;0;0;3;1;0;0;0;0;0;6;0;6;17;0;0;1;4;0;0;0;1;0;0;0;0;0;0;0;7;0;0;0;0;0;0;0;0;0;0;0;0;0;0;0;0;0;1;0;0;0;0;0;0;0;0;0;0;0;2;0;0;0;0;17;0;4;0;0;0;0;0;0;0;0;0;0;0;0;0;0;0;0;0;0;0;5;0;0;0;0;0;0;0;3;0;0;0;0;6;0;0;6;10;0;1;0;12;0;0;0;0;0;0;0;0;0;9;0;0;0;0;0;0;0;1
Uppsala;Solbo;Yes;1;5;0;0;0;0;0;0;0;0;0;0;0;0;8;0;0;0;0;0;0;0;0;0;0;0;0;0;0;0;0;0;0;0;0;1;0;0;0;0;0;0;0;0;0;0;0;0;0;0;0;0;0;0;0;0;0;0;0;0;0;0;0;0;0;0;0;0;8;0;5;0;0;0;0;0;0;0;0;0;0;0;0;10;0;0;0;10;0;0;1;0;0;0;0;0;0;0;0;0;0;0;0;0;0;0;0;0;0;0;32;0;0;0;0;0;0;0;0;0;0;0;0;0;0;0;0;0;0;0;0;0;0;5;0;3;0;0;0;0;0;0;0;0;0;0;0;0;0;0;0;0;0;0;0;0;0;0;0;1;0;0;0;1;0;0;0;0;0;0;0;0;0;0;0;0;0;0;0;2;0;0;0;0;0;0;0;0;0;0;0;0;6;0;0;0;4;0;0;0;0;3;0;0;0;0;0;0;0;0;0;0;0;2;0;0;0;0;0
Uppsala;Solbo;No;0;32;0;0;0;0;0;0;0;0;0;0;0;0;6;0;0;0;0;0;0;0;0;1;1;0;0;0;0;0;0;0;0;0;0;0;0;0;0;0;0;0;0;0;0;0;0;0;0;0;0;0;0;0;0;0;0;0;0;0;0;0;0;0;0;0;0;0;22;0;7;0;0;0;0;0;0;0;17;0;0;0;0;8;0;0;0;0;0;0;2;0;0;0;0;13;1;0;0;0;0;0;0;0;0;0;9;0;0;8;2;3;0;0;0;0;0;0;0;0;0;0;0;0;0;0;0;0;0;0;0;0;0;29;0;3;0;0;0;0;0;0;0;0;0;0;0;0;0;1;0;0;2;0;0;0;0;2;0;5;0;0;0;0;5;0;0;0;0;0;0;0;0;0;0;0;0;0;0;2;0;0;0;0;0;0;0;0;0;0;0;0;5;1;0;5;25;0;0;0;0;4;0;0;0;0;0;0;0;0;0;0;0;0;0;0;0;0;0
Uppsala;Söderfors;Yes;0;8;0;0;0;0;0;0;3;0;0;2;0;0;3;0;0;0;0;0;0;0;0;9;0;0;0;0;0;0;0;0;0;0;0;0;0;9;0;0;0;0;0;0;0;2;4;0;0;0;1;0;0;0;0;0;0;7;0;0;0;0;0;0;0;0;0;0;1;0;0;0;0;0;0;0;0;0;23;0;0;0;0;5;0;0;0;0;0;0;0;0;1;21;0;0;3;0;0;0;0;0;0;0;0;0;2;0;0;0;32;0;0;3;0;0;4;0;0;0;0;0;0;0;0;1;0;0;0;0;0;0;0;0;0;0;0;0;7;0;0;0;0;0;0;0;0;0;0;3;0;0;0;0;0;0;0;9;0;6;0;0;0;0;11;0;0;0;0;0;0;0;0;0;0;0;0;0;0;0;0;0;0;0;0;5;0;0;0;0;0;0;4;0;0;0;29;0;0;0;0;6;0;0;0;0;0;0;0;0;0;8;0;0;0;0;0;8;0
Uppsala;Söderfors;No;0;1;0;0;0;0;0;0;2;0;0;3;0;0;13;0;0;0;0;0;0;0;0;6;0;0;0;0;0;0;0;0;2;0;0;0;0;3;0;0;0;0;0;0;0;0;0;0;0;0;0;0;1;0;0;0;2;0;0;0;0;0;0;0;0;0;0;0;6;0;0;0;0;0;0;0;2;0;27;0;0;0;0;1;0;0;0;0;0;0;0;0;0;19;0;0;3;0;0;0;0;1;0;0;0;0;5;0;0;0;0;0;0;8;0;0;0;0;0;0;0;0;0;0;1;6;0;0;0;0;0;0;0;0;0;0;0;0;0;0;0;0;0;0;0;0;0;0;0;6;0;0;0;0;0;0;0;23;0;0;0;0;0;1;14;0;0;0;0;0;0;0;0;0;1;0;0;0;0;1;0;0;0;0;0;0;0;0;0;0;0;0;14;0;0;0;14;0;0;0;0;2;0;0;0;0;0;0;0;0;3;16;0;0;3;0;4;14;0
Uppsala;Sörbäck;Yes;0;8;0;0;0;0;0;0;0;0;0;0;0;0;22;0;0;0;0;0;0;0;0;0;0;0;0;0;0;0;0;0;0;0;0;0;0;0;0;0;0;0;0;0;0;0;0;0;0;0;0;0;0;0;0;0;0;0;0;0;0;0;0;0;0;0;0;0;3;0;0;0;0;0;0;0;0;0;0;0;0;0;0;1;0;0;0;0;0;0;0;0;0;0;0;1;0;0;0;0;0;0;0;0;0;0;0;0;0;0;32;0;0;0;0;0;0;0;0;0;0;0;1;0;0;5;0;0;0;0;0;0;0;0;0;0;0;0;0;0;0;0;0;0;0;0;0;0;0;0;0;0;0;0;0;0;0;0;0;20;0;0;0;0;0;0;0;0;0;0;0;0;0;0;0;0;0;0;0;16;0;0;0;0;0;0;0;0;0;0;0;0;30;1;0;0;0;0;0;0;0;0;0;0;0;0;0;0;0;0;0;0;0;5;0;0;0;0;0
Uppsala;Sörbäck;No;0;18;0;0;0;0;0;0;0;0;0;0;0;0;8;0;0;0;0;0;0;0;0;1;0;0;0;0;0;0;0;0;0;0;0;0;0;0;0;0;0;0;0;0;0;0;0;0;0;0;0;0;8;0;0;0;0;0;0;0;0;0;0;0;0;0;0;0;11;0;0;0;0;0;0;0;0;0;6;0;0;0;0;5;0;0;0;0;0;0;0;0;8;7;0;8;0;0;0;0;0;0;0;0;0;0;18;0;0;0;5;1;0;0;0;0;0;0;0;0;0;0;1;0;0;22;0;0;0;0;0;0;1;0;0;0;0;0;0;0;0;0;0;0;0;0;0;0;0;0;0;0;0;0;0;0;0;6;0;4;0;0;0;4;0;0;0;0;1;0;0;0;0;0;0;0;0;0;0;27;0;0;0;0;0;0;0;0;0;0;0;0;32;2;0;1;7;0;1;0;0;0;0;0;0;0;0;0;0;0;0;0;0;6;0;0;0;0;0
Uppsala;Västerby;Yes;0;3;0;0;0;0;0;0;3;0;0;0;0;0;18;0;0;0;0;0;0;0;0;1;0;0;0;0;0;0;0;0;0;0;0;0;0;0;0;0;0;0;0;0;0;0;0;0;0;0;0;0;0;0;0;0;0;0;0;0;0;0;0;0;0;0;0;0;0;0;0;0;0;0;0;0;0;1;8;0;0;0;0;14;0;2;0;0;0;0;0;0;4;0;0;0;0;0;0;0;0;0;0;0;0;4;1;0;0;0;32;0;0;0;0;0;0;0;0;0;0;0;0;0;0;0;0;0;0;0;0;0;9;0;0;0;0;0;0;0;0;0;0;0;0;0;0;0;0;3;0;0;0;0;0;0;0;0;0;1;0;0;0;0;0;1;0;0;0;0;0;0;0;0;0;0;0;0;0;5;0;0;0;0;0;0;0;0;0;0;0;0;15;0;0;1;7;0;0;0;1;0;0;4;0;0;0;0;0;0;0;0;1;0;0;0;0;10;0
Uppsala;Västerby;No;0;8;0;0;0;0;0;0;0;0;0;0;0;0;27;0;0;0;0;0;0;0;0;0;0;0;0;0;0;0;0;0;0;0;0;0;0;0;0;0;0;0;0;0;0;0;0;0;0;0;0;2;4;0;0;0;0;0;0;0;0;0;0;0;0;0;0;0;0;0;2;0;0;0;0;0;0;5;0;0;8;0;0;10;0;6;0;0;0;0;0;0;3;0;0;0;4;1;0;0;0;0;0;0;0;5;0;0;0;0;8;0;0;0;0;0;0;0;0;0;0;0;0;0;0;0;0;0;0;0;0;0;1;0;0;0;0;0;0;0;0;0;0;0;0;0;0;0;0;8;0;0;0;0;0;0;0;0;0;7;0;0;0;1;0;3;0;0;0;0;0;0;0;0;0;0;0;0;0;0;0;0;0;0;0;0;0;0;0;0;0;0;7;0;0;0;26;0;0;0;0;0;0;2;0;0;0;0;0;0;4;2;4;0;0;0;0;11;0
Uppsala;Östanbäck;Yes;0;26;3;0;0;0;0;0;0;0;0;1;0;0;21;0;0;0;0;0;0;0;0;2;0;0;0;0;0;0;0;0;2;0;0;0;4;0;0;0;0;0;0;1;0;0;0;0;0;0;0;0;2;0;0;0;0;0;0;0;0;0;0;0;0;0;0;0;4;2;0;0;0;0;0;0;0;0;0;0;0;0;0;5;0;1;0;0;0;0;0;0;6;0;0;0;0;0;0;0;0;0;0;0;0;12;2;0;0;0;32;0;0;1;0;0;0;0;0;0;0;0;0;0;0;0;0;0;0;0;0;0;0;1;0;0;0;0;0;0;0;0;0;0;0;0;0;0;0;2;0;0;0;0;0;0;0;7;0;4;0;0;0;0;0;0;0;0;0;0;0;0;0;0;0;0;0;0;0;5;0;0;0;0;0;0;0;0;0;0;0;0;15;0;0;0;0;0;0;0;0;0;0;0;0;0;0;0;0;0;0;0;3;0;0;0;0;6;0
Uppsala;Östanbäck;No;0;28;6;0;0;0;0;0;0;0;0;0;0;0;21;0;0;0;0;0;0;0;0;2;0;0;0;0;0;0;0;0;2;0;0;2;0;0;0;0;0;0;0;3;0;0;0;0;0;0;0;0;1;0;0;0;0;0;0;0;8;0;0;0;0;0;0;0;5;0;0;0;0;0;0;0;0;1;0;0;0;0;6;1;0;0;0;0;0;0;0;0;7;0;0;2;0;0;0;0;0;0;0;0;0;11;22;0;0;5;5;0;0;0;0;0;0;0;0;0;0;0;0;0;0;0;0;0;0;0;0;0;0;9;0;18;0;0;0;0;0;0;0;0;0;0;0;0;0;0;0;0;0;0;0;0;0;18;0;7;0;0;0;0;0;0;0;0;0;0;0;0;0;0;0;0;0;0;0;9;0;0;0;0;0;0;0;0;0;0;0;0;20;4;0;0;0;0;0;0;0;4;0;0;0;0;0;0;0;0;0;0;10;0;0;0;0;2;0
Uppsala;Östanbäcks kloster;Yes;3;1;0;0;0;0;0;0;2;0;0;2;0;0;11;0;2;0;0;0;0;0;0;1;0;0;0;0;0;0;0;0;0;0;0;0;0;0;0;0;0;0;0;0;0;0;0;0;5;0;0;0;0;0;0;0;0;0;0;0;0;0;0;0;0;0;0;0;0;0;0;0;0;0;0;0;0;0;0;0;0;0;0;2;0;10;0;0;0;1;0;0;4;0;0;0;6;0;0;0;0;0;0;0;8;0;3;0;0;0;32;0;0;0;0;0;0;0;0;0;0;3;0;0;0;1;0;0;0;0;0;0;0;0;0;0;1;0;0;0;2;0;0;0;0;0;0;1;0;0;0;0;0;0;0;0;0;10;0;0;0;0;0;0;0;0;0;0;0;0;0;0;0;0;0;0;0;0;0;1;0;0;0;0;0;0;0;2;0;0;0;0;0;0;0;0;3;0;0;0;0;1;0;0;0;0;0;0;0;0;4;7;0;0;0;0;0;11;3
Uppsala;Östanbäcks kloster;No;0;20;0;0;0;0;0;0;0;0;0;0;0;0;9;0;0;0;0;0;0;0;0;1;0;0;0;0;0;0;0;0;0;0;0;2;0;0;0;0;0;0;0;0;0;0;0;0;1;0;1;0;0;0;0;0;0;0;0;0;0;0;0;0;0;0;0;0;0;0;0;0;0;0;0;0;0;0;25;0;0;0;3;0;0;15;5;0;0;9;0;0;0;0;0;0;13;0;0;0;0;0;0;0;4;0;6;0;0;0;3;0;0;0;0;0;0;0;0;0;0;0;0;0;0;0;0;0;0;0;0;0;0;0;0;0;0;0;0;0;0;0;0;0;0;0;0;0;0;3;0;0;0;0;1;0;0;9;0;4;0;0;0;2;1;0;0;0;0;0;0;0;0;0;0;0;0;0;0;0;0;0;0;0;0;0;0;1;0;0;0;3;0;0;0;0;21;0;0;0;0;0;0;0;0;0;0;0;0;0;19;7;1;0;0;0;0;13;0
Uppsala;Österunda1;Yes;0;5;0;0;0;0;0;0;1;0;0;1;0;0;2;0;0;0;0;0;0;0;0;3;0;0;0;0;0;0;0;0;0;4;0;0;0;0;0;0;0;0;0;0;0;0;0;0;0;0;8;0;6;0;0;0;0;0;0;0;0;0;0;0;0;0;0;0;23;0;0;0;0;0;0;0;0;0;0;0;13;0;0;1;0;0;0;0;0;0;0;0;0;0;0;0;0;2;0;0;0;0;1;0;0;6;3;0;0;1;32;0;0;0;0;0;0;0;0;0;0;0;0;0;0;0;0;0;0;0;0;0;1;0;0;0;0;0;0;0;0;0;0;0;0;0;0;0;0;1;3;0;0;0;0;0;0;13;0;0;0;0;0;5;0;0;0;0;0;0;0;0;0;0;0;0;1;0;0;0;0;0;0;0;0;0;0;3;0;0;0;0;11;0;1;0;10;0;4;0;3;2;0;0;0;0;0;0;1;0;0;0;0;0;0;0;0;0;0
Uppsala;Österunda1;No;0;12;0;0;0;0;0;0;0;0;0;5;0;0;1;0;0;0;0;0;0;0;0;0;0;0;0;0;0;0;0;0;0;4;0;0;0;0;0;0;0;0;0;0;0;0;0;0;0;0;19;0;19;0;0;0;0;0;0;0;0;0;0;0;0;0;0;0;32;0;0;0;0;0;0;0;0;2;0;0;2;0;1;0;0;0;0;0;0;0;0;0;0;0;0;0;7;0;0;0;0;0;0;0;0;15;11;0;0;6;12;0;0;0;0;0;6;0;0;0;0;0;0;0;0;0;0;0;0;0;0;0;0;0;0;0;0;0;0;0;0;0;0;0;0;0;0;0;0;0;2;0;0;0;0;0;0;12;0;0;0;0;0;2;0;0;0;0;0;0;0;0;0;0;0;0;2;0;0;0;0;0;0;0;0;0;0;0;0;0;0;0;24;0;0;12;3;0;2;0;6;1;0;0;0;0;0;0;5;0;3;0;1;2;0;0;0;0;0
Uppsala;Österunda2;Yes;0;1;0;0;0;0;0;0;0;0;0;1;0;0;0;0;0;0;0;0;0;0;0;0;0;0;0;0;0;0;0;0;0;3;0;0;0;0;2;2;4;0;0;0;0;0;0;0;0;0;6;0;9;0;1;0;0;0;0;0;0;0;0;0;0;0;0;0;8;0;27;0;0;0;0;0;0;16;3;0;0;0;0;1;0;0;0;0;0;0;0;0;0;0;0;0;0;0;0;0;0;0;0;1;0;5;0;0;0;0;32;0;0;0;0;0;0;0;0;0;0;0;0;1;0;0;0;0;0;0;0;0;0;0;0;0;0;0;0;0;0;0;0;0;0;0;0;0;0;0;2;0;0;0;0;0;0;11;0;0;0;0;0;0;0;0;0;0;0;2;0;0;0;0;0;0;0;0;0;0;0;0;0;0;0;0;0;0;0;0;0;0;5;0;0;4;2;0;4;0;8;1;0;0;0;0;0;0;5;3;0;0;6;0;0;0;0;0;0
Uppsala;Österunda2;No;0;0;0;0;0;0;0;0;1;0;0;6;0;0;0;0;0;0;0;0;0;0;0;0;0;0;0;1;0;0;0;0;0;3;0;0;0;0;0;3;0;0;0;0;0;0;0;0;0;0;8;0;7;0;0;0;0;0;0;0;0;0;0;0;0;0;0;0;10;0;21;0;0;0;0;0;0;12;10;0;0;0;0;0;0;0;0;0;0;0;0;0;0;0;0;0;0;0;0;0;0;0;0;1;0;4;1;0;0;0;10;0;0;0;3;0;0;0;0;0;0;0;0;3;0;0;0;0;0;0;0;0;0;0;0;0;0;0;0;0;0;0;0;0;0;0;0;0;0;0;5;0;0;0;0;0;0;12;0;0;0;0;0;0;0;0;0;0;0;2;0;0;0;0;0;0;0;1;0;1;0;0;0;0;0;0;0;0;0;1;0;0;1;0;0;9;1;0;3;0;8;0;0;0;0;0;0;0;10;3;0;0;4;0;0;0;0;0;0
Värmland;Bergsviken/Älvsbacka;Yes;0;8;0;4;0;0;0;0;0;0;2;0;0;4;6;0;0;0;0;0;0;0;0;0;0;0;0;0;0;0;0;0;0;0;0;0;0;0;0;0;0;0;0;0;0;0;0;0;0;0;0;0;0;0;0;0;0;0;0;0;0;0;0;0;0;0;0;0;0;0;0;0;0;0;0;0;0;0;0;0;0;0;0;3;0;0;0;0;0;0;0;0;0;0;0;0;2;0;0;0;0;0;0;0;0;0;0;0;0;0;32;0;0;0;0;0;0;0;0;0;0;0;0;0;0;0;0;0;0;0;0;0;0;0;0;0;0;0;0;0;0;0;16;0;3;0;0;0;0;0;0;0;0;0;0;0;0;3;0;0;0;0;0;0;0;0;0;0;0;0;0;0;0;0;0;16;0;0;0;0;0;0;0;0;0;0;0;0;0;0;0;0;0;0;0;0;0;0;0;0;0;0;0;0;0;0;0;0;0;0;0;0;0;0;0;0;0;0;0
Värmland;Bergsviken/Älvsbacka;No;0;2;0;3;0;0;7;0;3;0;0;0;0;9;12;0;0;0;0;0;0;0;0;0;0;0;0;0;0;0;0;0;0;0;0;0;0;0;0;0;0;0;0;0;0;0;0;0;3;10;3;0;0;0;0;0;0;0;0;0;0;3;0;0;0;0;0;0;0;0;0;4;0;0;0;14;0;3;5;0;0;0;0;3;0;9;2;0;0;0;0;0;0;0;0;0;0;0;0;0;0;0;0;0;0;3;0;0;0;0;0;3;0;1;0;0;0;0;0;0;0;2;0;0;0;0;0;0;0;0;0;0;0;0;0;0;0;0;0;0;0;0;0;0;3;14;0;0;0;0;0;0;0;0;0;0;0;18;0;0;0;0;0;0;0;0;0;0;0;0;0;0;0;0;0;0;0;0;0;0;0;0;0;0;0;0;0;0;0;0;0;0;0;0;0;0;0;11;0;0;0;0;0;0;0;0;0;0;0;0;3;0;0;7;0;0;0;0;0
Värmland;Flugbohöjden/Ettala;Yes;0;3;0;0;0;0;0;0;2;0;6;0;0;2;2;0;0;0;3;0;0;0;0;0;0;0;0;0;0;0;0;0;0;0;0;0;0;0;0;0;0;0;0;0;0;0;0;0;0;0;0;0;0;0;0;0;0;0;0;0;0;2;0;0;0;0;0;0;0;0;0;0;0;0;8;14;0;4;0;0;0;0;0;0;0;0;0;0;0;0;0;0;0;0;0;0;0;0;0;0;0;0;0;0;0;0;0;0;0;0;32;0;0;0;0;0;0;0;0;0;0;0;0;0;0;0;0;0;0;0;0;0;3;0;0;0;0;0;0;0;0;0;20;0;0;0;0;0;0;0;0;0;0;0;0;0;0;4;0;0;0;0;0;0;0;0;0;0;0;0;0;0;0;0;0;0;0;0;0;0;0;0;0;0;0;0;0;0;0;0;0;0;7;0;0;0;0;5;0;0;0;0;0;0;0;0;0;0;0;0;0;0;0;0;0;0;0;0;1
Värmland;Flugbohöjden/Ettala;No;0;7;0;0;0;3;0;1;14;0;0;0;0;4;0;0;0;0;4;0;0;0;0;0;0;0;0;0;0;0;5;0;0;5;0;2;0;0;0;0;0;0;0;7;0;0;0;0;0;2;0;0;0;0;1;0;0;0;0;0;0;0;0;0;0;0;0;0;0;0;0;0;0;0;5;12;0;0;0;0;0;0;0;14;0;0;0;0;0;0;0;0;0;0;0;2;0;0;0;0;0;0;0;0;0;24;12;0;0;2;0;15;0;3;5;0;0;0;0;0;0;0;0;0;0;0;0;0;0;0;0;0;3;0;0;0;0;0;0;0;0;5;9;0;0;0;0;0;3;2;0;0;0;0;0;0;0;10;0;0;7;0;0;0;0;0;0;0;0;0;0;0;0;0;0;0;0;0;0;0;0;0;0;0;0;0;0;6;0;0;0;0;2;0;0;8;4;16;9;5;0;12;0;0;0;0;0;0;0;0;0;1;5;0;0;0;0;0;0
Värmland;Gersbysäter/Gersby;Yes;0;0;0;0;0;0;0;0;0;0;9;0;0;6;7;0;0;0;0;5;0;0;0;3;0;0;0;0;0;0;0;0;0;0;0;0;0;0;0;0;0;0;0;0;0;0;0;0;0;0;0;0;0;0;0;2;0;0;0;0;0;0;0;0;0;0;0;0;0;0;0;0;0;0;0;10;0;0;0;0;0;0;0;3;0;0;0;0;0;0;0;0;0;0;0;0;0;0;0;0;0;0;0;0;0;0;0;0;0;0;32;0;0;0;0;0;0;0;0;0;0;0;0;0;0;0;0;0;0;0;0;0;0;0;0;0;0;0;0;0;0;3;10;0;0;0;0;0;0;4;0;0;0;0;0;0;0;13;0;0;0;0;0;0;0;3;2;0;0;0;0;0;3;0;0;0;0;0;0;0;0;0;0;0;0;0;0;0;0;0;0;0;0;0;0;0;0;0;0;0;0;0;0;0;0;0;0;0;0;0;0;0;0;0;0;0;0;0;0
Värmland;Gersbysäter/Gersby;No;0;4;0;5;0;0;0;0;0;0;4;0;2;5;0;0;0;0;0;0;0;0;0;0;0;0;0;0;0;0;0;0;2;0;0;0;0;0;0;0;8;0;0;0;0;0;0;0;0;0;0;0;0;0;0;0;0;0;0;0;0;0;0;0;0;0;0;0;0;0;0;0;0;0;14;10;0;0;0;0;0;0;0;0;0;0;0;0;0;0;0;0;0;0;0;0;0;0;0;1;0;0;0;0;0;0;9;0;0;0;0;2;0;2;1;0;0;0;0;0;0;0;0;0;0;0;0;0;0;0;0;12;0;0;0;0;0;0;0;0;0;9;0;0;0;0;0;0;0;8;0;0;0;0;0;0;0;18;0;0;0;0;0;0;0;3;0;0;0;0;0;0;0;0;0;0;0;0;0;0;0;0;0;0;0;0;0;6;4;0;0;0;5;0;0;0;0;0;3;0;0;0;0;0;0;0;0;0;0;0;0;0;10;0;0;0;0;5;8
Värmland;Häggstöd/Nyeds-Backa;Yes;0;2;0;3;0;0;0;0;0;0;4;0;0;0;2;0;0;0;0;1;0;0;0;0;0;0;0;0;0;0;0;0;0;0;0;7;0;0;0;0;0;0;0;0;0;0;0;0;3;0;0;0;0;0;0;0;0;0;0;0;0;0;0;0;0;0;0;0;0;0;0;0;0;0;0;12;0;0;0;0;0;0;0;1;0;0;0;0;0;0;0;0;0;0;0;0;0;0;3;0;0;0;0;0;0;2;0;0;0;0;30;0;0;0;0;0;0;0;0;0;0;0;0;0;0;0;0;0;0;0;0;5;0;0;0;0;0;0;0;0;0;0;0;0;24;0;0;0;0;0;0;0;0;0;0;0;0;8;0;0;0;0;0;0;0;0;0;0;0;0;0;0;6;0;0;6;0;0;0;0;0;0;0;0;0;0;0;5;0;0;0;0;0;0;0;0;0;0;1;0;0;0;1;0;0;0;0;0;0;0;0;0;7;0;0;0;0;1;0
Värmland;Häggstöd/Nyeds-Backa;No;0;0;0;0;0;2;12;0;2;0;0;0;0;3;0;0;0;0;0;3;0;0;4;0;0;0;0;0;0;0;0;0;0;2;0;1;0;0;0;0;0;0;0;5;0;0;0;0;14;1;0;0;0;0;0;0;0;0;0;0;0;3;0;0;0;0;0;0;0;0;0;8;0;4;0;0;0;2;7;0;0;0;0;4;0;0;0;0;0;0;0;8;0;0;0;4;1;0;0;0;0;0;0;0;0;4;13;0;0;0;0;13;0;0;0;0;0;0;0;5;0;0;0;0;0;0;0;0;0;0;0;3;0;0;0;0;0;0;0;0;0;0;18;0;0;0;0;0;0;2;0;0;0;0;0;0;0;9;0;0;0;3;0;0;0;1;0;0;0;0;0;0;0;0;0;0;0;0;0;0;0;0;0;0;0;0;0;0;1;0;0;0;0;0;0;0;0;2;0;0;0;0;0;0;0;0;0;0;0;0;0;11;4;0;0;0;0;2;0
Värmland;Jonsbol;Yes;0;5;0;0;0;0;0;0;0;0;0;0;0;1;0;0;0;0;0;0;0;0;0;0;0;0;0;0;0;0;0;0;0;0;0;0;0;0;0;0;0;0;0;0;0;0;0;0;0;0;0;0;4;0;0;0;0;0;0;0;0;0;0;0;0;0;0;0;0;0;0;3;0;0;0;7;0;0;0;0;0;0;0;0;0;0;0;0;0;0;0;0;0;0;0;0;0;0;3;4;0;0;0;0;0;0;2;0;0;2;15;0;0;0;3;0;0;0;0;0;0;0;0;0;0;0;0;0;0;1;0;3;0;0;0;0;0;0;0;0;0;0;13;0;0;0;0;0;0;0;0;0;0;0;0;0;0;3;0;0;0;0;0;0;0;2;0;0;0;0;0;0;0;0;0;0;0;0;0;0;0;0;0;0;0;0;0;0;0;0;0;0;2;0;0;1;0;8;0;0;0;0;0;0;0;0;0;0;0;0;0;0;0;0;0;0;0;0;0
Värmland;Jonsbol;No;0;1;0;0;0;0;12;0;0;7;0;0;0;0;0;0;0;0;0;0;0;0;0;0;0;0;0;0;0;0;0;0;0;0;0;0;0;0;0;0;0;0;0;0;0;0;0;0;0;0;5;0;0;0;0;0;0;0;0;0;0;0;0;0;0;0;0;0;0;0;0;0;0;5;0;0;0;0;0;0;0;0;0;2;0;0;0;0;1;0;0;0;0;0;0;0;1;0;0;0;0;0;0;0;0;0;12;0;0;0;0;1;0;0;6;0;0;0;0;0;0;0;0;0;0;0;0;0;0;0;0;0;0;0;0;0;0;0;0;0;1;0;0;0;0;0;0;0;0;0;0;0;6;0;0;0;0;4;0;0;0;0;0;0;0;1;5;0;0;0;0;0;0;0;0;0;0;0;0;0;0;0;0;0;0;0;0;0;0;1;0;0;0;0;0;0;0;0;1;0;0;0;0;0;0;0;0;0;0;0;0;0;0;0;0;0;0;7;0
Värmland;Manhem/Asphyttan;Yes;0;3;0;0;0;0;0;0;0;0;0;0;0;4;0;1;0;0;0;0;0;0;16;0;0;0;0;0;2;0;0;0;0;3;0;0;0;0;0;0;0;0;0;0;0;0;0;0;0;0;0;0;0;0;0;0;0;0;0;0;0;3;0;0;0;0;0;0;0;0;0;0;0;0;3;12;0;0;16;0;0;0;0;0;0;0;0;0;0;0;0;0;0;0;0;0;0;0;0;0;0;0;0;0;1;8;1;0;0;0;31;0;0;6;0;0;0;0;0;0;0;0;0;0;0;0;0;0;0;0;0;0;4;0;0;1;0;0;0;0;0;0;0;0;0;0;0;0;0;11;0;0;0;0;0;0;0;2;0;0;0;0;0;0;0;0;0;0;0;0;0;0;0;0;0;0;0;0;0;0;0;0;0;0;0;0;0;0;0;0;0;0;0;0;0;0;0;11;0;0;0;0;0;0;0;0;16;0;0;0;0;0;9;0;0;0;0;0;1
Värmland;Manhem/Asphyttan;No;0;7;0;0;0;0;0;0;0;0;0;1;0;0;0;0;0;0;0;0;0;0;10;0;0;0;0;0;0;0;5;0;0;2;0;0;0;0;0;0;0;0;0;0;0;0;0;0;0;0;0;0;0;0;0;0;0;0;0;0;0;0;0;0;0;0;0;0;0;0;0;0;0;0;14;13;0;0;27;0;0;0;0;2;0;0;0;0;0;0;0;26;0;0;0;0;0;0;0;0;0;0;0;0;1;0;1;0;0;0;0;0;0;0;0;0;0;3;0;3;0;0;0;0;0;0;0;0;0;0;0;0;0;0;0;6;6;0;0;0;0;0;0;0;0;0;0;0;0;15;0;0;0;0;0;0;0;0;0;0;0;0;0;0;0;0;0;0;0;0;0;0;0;0;0;0;0;0;0;0;0;0;0;0;0;0;0;0;0;0;0;0;0;0;0;0;0;11;0;0;0;0;0;0;2;0;18;0;0;0;0;0;6;0;0;0;0;0;11
Värmland;Nordsjö;Yes;0;1;0;0;0;0;0;0;0;0;0;0;0;0;0;0;0;0;0;0;0;0;4;0;0;0;0;0;0;0;4;0;0;0;0;0;0;0;0;0;0;0;0;0;0;0;0;0;0;0;0;0;0;0;0;0;0;0;0;0;0;0;0;0;0;0;0;0;0;0;0;0;0;0;0;9;0;0;0;0;0;0;0;7;0;0;0;0;0;0;0;0;0;0;0;0;0;0;0;2;0;0;0;0;0;0;0;0;0;0;16;0;0;0;0;0;0;0;0;0;0;0;0;0;0;0;0;0;0;0;0;0;0;0;0;0;0;0;0;0;0;5;7;0;0;0;0;0;0;0;0;0;0;0;0;0;0;0;0;0;0;0;0;0;0;0;0;0;0;0;0;0;0;0;0;0;0;0;0;0;0;0;0;0;0;0;0;0;0;0;0;0;0;0;0;0;0;0;0;0;0;0;0;0;0;0;0;0;0;0;0;0;0;0;0;0;0;0;0
Värmland;Nordsjö;No;0;11;0;0;0;0;0;0;0;0;0;0;1;3;0;0;0;0;0;0;0;0;10;1;0;0;0;0;0;0;1;0;0;0;0;0;0;0;0;0;0;0;0;0;0;0;0;0;0;0;0;7;0;0;0;0;0;0;0;0;0;0;0;0;0;0;0;0;0;0;0;0;0;0;5;13;0;0;7;0;0;3;0;2;0;0;0;0;0;0;0;0;0;0;0;3;1;0;0;2;0;0;0;0;0;0;0;0;0;0;0;3;0;0;0;0;0;0;0;0;0;0;0;0;0;0;0;0;0;0;0;0;0;0;0;0;0;0;0;0;0;0;0;0;0;4;0;0;0;0;0;0;0;0;0;0;0;7;0;0;0;0;0;0;0;3;0;0;0;0;0;0;0;0;0;0;0;0;0;0;0;0;0;0;0;0;0;0;0;0;0;0;0;0;0;0;0;0;0;0;0;0;0;0;0;0;0;0;0;0;9;0;3;0;0;0;0;0;0
Värmland;Nykroppa Herrhult;Yes;0;4;0;0;0;0;0;0;3;0;0;0;0;0;4;0;0;0;0;0;0;0;0;0;5;0;0;0;5;4;14;0;0;0;0;0;0;0;0;0;0;0;0;0;0;0;0;0;0;0;0;7;0;0;0;0;0;0;0;0;0;4;0;0;0;0;0;0;0;0;0;0;0;0;5;0;0;0;7;0;0;0;0;0;0;0;0;0;0;0;0;3;0;0;0;0;0;0;0;0;0;0;0;0;0;0;8;0;0;0;48;0;0;3;0;0;0;0;2;0;0;0;0;0;0;0;0;0;0;0;0;0;0;0;0;0;0;0;0;0;0;5;10;0;0;0;0;0;0;4;0;0;0;0;0;0;0;2;0;0;2;0;0;0;0;0;0;0;0;0;0;0;1;0;0;6;0;0;0;0;0;0;9;0;0;0;0;1;0;0;0;0;3;0;0;0;0;12;0;0;0;7;0;0;0;0;0;0;0;0;0;0;0;0;0;0;0;0;2
Värmland;Nykroppa Herrhult;No;0;7;0;0;0;8;0;0;14;0;0;0;2;6;1;0;0;0;0;0;0;0;3;0;3;2;0;0;2;0;0;0;0;0;2;0;0;0;0;0;0;8;0;0;0;0;0;0;0;0;13;4;0;0;3;0;0;0;0;0;0;2;7;7;0;3;0;0;0;0;0;0;0;0;0;7;0;0;5;0;0;0;0;2;0;0;1;0;0;0;0;3;0;0;0;2;0;0;0;0;8;0;0;0;0;2;12;0;0;5;0;2;0;0;0;0;0;9;0;1;0;0;2;0;1;0;0;0;0;0;0;0;0;0;0;0;7;0;0;0;0;0;0;0;0;0;0;0;0;29;0;0;6;0;0;0;13;11;0;0;1;0;0;0;0;0;0;0;0;0;0;0;3;0;0;0;0;0;0;0;0;0;2;0;0;0;0;0;0;0;0;0;5;0;0;0;3;9;2;0;0;0;2;0;0;3;16;0;0;0;0;0;3;0;0;0;0;1;0
Värmland;Rämmen-Haget;Yes;0;0;0;0;0;3;0;0;5;0;0;0;0;6;0;0;0;0;0;0;0;0;4;6;0;0;0;0;0;0;3;0;0;0;0;0;0;0;0;0;0;0;0;0;0;0;0;0;0;0;6;0;0;0;0;0;0;0;0;0;0;3;0;0;0;0;0;0;0;0;0;0;0;0;5;6;0;0;16;0;0;0;0;0;0;0;0;0;0;0;0;0;0;0;0;1;0;0;0;0;1;0;0;0;0;0;2;0;0;0;40;0;0;0;0;0;0;1;0;0;0;0;0;0;0;0;0;0;0;0;1;0;19;0;0;0;0;0;0;0;0;3;0;0;0;0;0;0;0;5;0;0;0;0;0;0;0;5;0;0;2;0;0;0;0;0;0;0;0;0;0;0;4;0;0;0;0;0;0;0;0;0;0;0;0;0;0;0;0;0;0;0;3;0;0;0;10;5;3;0;0;3;1;0;0;0;4;0;0;0;0;0;0;0;0;0;0;0;0
Värmland;Rämmen-Haget;No;0;13;0;0;0;6;0;0;1;0;0;0;2;2;0;3;0;0;0;0;0;0;0;2;0;8;2;0;0;2;0;0;0;0;0;1;0;0;0;0;2;6;0;3;0;0;0;0;0;0;0;0;0;0;1;0;0;0;0;0;0;0;6;4;0;3;0;0;0;0;0;0;0;0;7;11;0;0;18;0;0;0;0;2;0;0;1;0;0;0;0;9;0;0;0;3;0;0;0;0;12;0;0;0;0;0;9;0;8;0;0;1;0;1;0;14;0;4;0;0;0;0;0;0;0;0;0;12;2;0;0;0;2;0;0;4;0;3;0;0;0;9;0;0;0;0;0;0;0;35;0;0;15;0;0;8;0;14;0;0;0;0;0;0;0;3;0;0;0;0;0;0;1;0;0;0;0;0;0;0;0;0;0;0;0;0;0;0;0;0;0;0;12;0;0;0;5;5;2;0;0;6;0;0;0;0;0;0;0;0;0;3;4;0;0;0;0;13;0
Värmland;Torsked;Yes;0;0;0;0;0;0;8;0;0;0;0;0;0;2;0;0;0;0;0;12;0;0;0;0;0;0;0;0;0;0;0;0;0;1;0;0;0;0;0;0;0;0;0;0;0;0;0;0;0;3;0;0;0;0;0;0;0;0;0;0;0;0;0;0;0;0;0;0;0;0;0;0;0;0;0;0;0;0;5;0;0;0;0;0;0;0;0;0;0;0;0;0;0;0;0;0;0;0;0;0;0;0;0;0;0;0;0;0;0;0;16;3;1;0;0;0;0;0;0;0;0;0;0;0;0;0;0;0;0;0;0;0;0;0;0;0;0;0;0;0;0;0;0;0;0;0;0;0;0;0;0;0;0;0;0;0;0;2;0;0;0;0;0;0;0;0;0;0;0;0;0;0;0;0;0;0;0;0;0;0;0;0;0;0;0;0;0;0;0;0;0;0;0;0;0;0;0;0;0;0;0;0;0;0;0;0;0;0;0;0;0;0;0;0;0;0;0;0;0
Värmland;Torsked;No;0;0;0;0;0;2;9;0;0;0;0;0;0;0;0;0;0;0;0;0;0;0;2;0;0;0;0;0;0;0;0;0;0;0;0;0;0;0;0;0;0;0;0;3;0;0;0;0;0;0;0;0;0;0;0;0;0;15;0;0;0;0;0;0;0;0;0;0;0;0;0;0;0;0;0;2;0;0;0;0;0;0;0;0;0;4;0;0;0;0;0;0;0;0;0;0;1;0;0;0;0;0;0;0;0;1;0;0;0;0;0;0;0;2;0;0;0;0;0;0;0;0;0;0;0;0;0;0;0;0;0;0;0;0;0;0;0;0;0;0;0;0;0;0;0;0;0;0;0;0;0;0;0;0;0;0;0;2;0;0;0;0;0;0;13;0;0;0;0;0;0;0;0;0;0;0;0;0;0;0;0;0;0;0;0;0;0;0;0;0;0;0;0;0;0;0;0;0;0;0;0;0;0;0;0;0;0;0;0;0;0;0;2;0;0;0;0;0;0
Örebro;Snavlunda äng;Yes;0;0;0;0;0;0;0;0;0;0;0;0;0;0;0;0;0;0;0;3;0;0;0;0;0;0;0;0;0;0;0;0;0;0;0;6;0;0;0;0;0;0;0;0;0;0;0;0;0;0;0;0;0;0;0;0;0;0;0;0;0;0;0;0;0;0;0;0;0;0;0;0;0;2;0;3;0;0;0;0;0;0;0;0;0;0;0;0;0;0;0;0;0;0;0;0;0;0;0;0;0;0;0;0;0;0;0;0;0;0;14;0;0;0;0;0;0;0;0;0;0;0;0;0;0;0;0;0;0;0;0;0;0;0;0;0;0;0;0;0;0;0;0;0;0;0;0;0;0;0;0;0;0;0;0;0;0;0;0;0;0;0;0;0;0;0;0;0;0;0;0;0;0;0;0;0;0;0;0;0;0;0;0;0;0;0;0;0;0;0;0;0;0;0;0;3;0;5;0;0;0;0;0;0;0;0;0;0;0;0;0;0;0;0;0;0;0;0;0
Örebro;Snavlunda äng;No;0;3;0;0;0;0;0;0;2;0;0;0;0;0;0;3;0;0;0;0;0;0;8;0;0;0;0;0;0;0;0;0;0;0;0;0;0;0;0;0;0;0;0;0;0;0;0;0;0;0;0;0;0;0;0;0;0;0;0;0;0;0;0;6;1;0;0;0;0;0;0;0;0;0;0;0;0;0;0;0;0;0;0;0;0;0;0;0;0;0;0;0;0;0;0;0;0;1;0;0;0;0;0;0;0;0;0;0;0;5;0;0;0;0;0;0;0;0;0;0;0;0;0;0;0;0;0;0;0;0;0;0;0;0;0;0;9;0;0;0;9;0;0;0;0;7;0;0;6;0;0;0;0;0;0;0;0;2;0;0;0;0;0;0;0;0;1;0;0;0;0;0;0;0;0;0;0;0;0;0;0;2;0;0;0;0;0;0;1;0;0;0;5;0;1;2;0;8;0;0;0;0;0;0;0;0;0;4;0;0;0;0;0;0;0;0;0;0;0
Örebro;Stavkärr/Svinnersta;Yes;0;10;0;0;0;0;0;0;3;0;0;0;0;3;4;0;0;0;0;0;0;0;0;0;0;0;0;0;0;0;0;0;0;0;0;1;0;0;0;0;0;0;0;0;0;0;0;2;0;0;0;0;0;0;0;0;0;0;0;0;0;15;0;0;0;0;0;0;0;0;0;0;0;0;12;7;0;0;3;0;0;0;0;4;0;0;0;0;0;0;0;0;0;0;0;0;3;0;0;0;1;0;0;0;3;0;0;0;0;0;42;0;0;0;0;0;0;0;7;0;0;0;0;0;0;0;0;0;0;0;0;0;0;0;0;0;0;0;0;3;0;0;0;9;0;8;0;0;0;7;0;0;0;0;0;0;0;2;0;0;0;0;0;0;0;0;3;0;0;0;0;0;0;0;0;0;0;0;0;0;0;0;0;0;0;0;0;6;0;0;1;0;0;0;0;0;2;0;1;0;0;0;1;0;0;0;2;0;0;0;5;0;0;0;0;0;0;0;0
Örebro;Stavkärr/Svinnersta;No;0;7;3;0;0;0;0;0;0;0;0;1;0;5;6;0;0;0;0;0;0;0;0;0;0;0;0;0;0;0;7;0;0;3;0;0;0;0;0;0;0;0;0;0;0;0;0;0;0;0;3;0;0;0;0;0;0;0;0;0;0;4;0;3;0;0;0;0;0;0;0;0;0;0;16;28;0;0;1;0;0;0;0;0;0;0;2;0;0;0;0;0;0;0;0;0;17;0;0;0;0;0;0;0;6;0;1;0;0;18;0;0;0;0;0;0;0;0;21;0;0;0;0;0;0;0;0;0;0;0;0;0;2;0;0;16;1;0;0;13;0;0;0;0;0;0;0;0;5;11;0;0;0;0;0;0;0;6;0;0;0;0;0;0;0;0;1;0;0;0;0;0;0;0;0;11;0;0;3;0;0;0;0;0;0;0;0;0;0;8;0;0;0;0;0;0;0;1;7;0;0;0;0;0;0;0;0;0;0;0;9;0;7;0;0;0;0;0;2
